order_id,customer_id,order_date,category,region,units,unit_price_inr,discount_pct,revenue_inr,cost_inr,profit_inr
O00001,C0360,2025-11-29,Books,South,1,499,30,349.3,318.79,30.51
O00002,C0858,2025-11-24,Electronics,East,1,499,25,374.25,297.44,76.81
O00003,C0288,2025-11-25,Fashion,East,5,2999,15,12745.75,6644.85,6100.9
O00004,C0615,2025-11-25,Beauty,West,5,999,20,3996.0,2962.4,1033.6
O00005,C0533,2025-11-30,Home,West,4,4999,10,17996.4,10836.46,7159.94
O00006,C0282,2025-11-24,Fashion,South,1,499,30,349.3,320.71,28.59
O00007,C0875,2025-11-26,Fashion,West,3,4999,10,13497.3,6268.71,7228.59
O00008,C0765,2025-11-27,Electronics,East,2,1499,30,2098.6,1498.35,600.25
O00009,C0017,2025-11-26,Fashion,South,3,1499,20,3597.6,2267.42,1330.18
O00010,C0497,2025-11-30,Home,West,4,499,30,1397.2,1242.77,154.43
O00011,C0341,2025-11-29,Fashion,West,2,2999,15,5098.3,2471.29,2627.01
O00012,C0614,2025-11-29,Fashion,East,3,4999,30,10497.9,6234.88,4263.02
O00013,C0374,2025-11-29,Electronics,South,4,2999,15,10196.6,7206.66,2989.94
O00014,C0871,2025-11-30,Fashion,South,1,1499,20,1199.2,870.41,328.79
O00015,C0328,2025-11-28,Fashion,North,1,2999,25,2249.25,1454.65,794.6
O00016,C0223,2025-11-28,Home,West,2,2999,15,5098.3,3024.17,2074.13
O00017,C0405,2025-11-24,Beauty,North,4,4999,20,15996.8,9440.97,6555.83
O00018,C0577,2025-11-29,Books,North,4,1499,10,5396.4,3397.19,1999.21
O00019,C0384,2025-11-26,Electronics,South,5,4999,10,22495.5,12847.96,9647.54
O00020,C0315,2025-11-28,Fashion,East,5,1499,20,5996.0,3177.84,2818.16
O00021,C0635,2025-11-28,Fashion,South,2,499,25,748.5,628.15,120.35
O00022,C0451,2025-11-27,Beauty,East,5,1499,30,5246.5,3889.66,1356.84
O00023,C0493,2025-11-24,Home,East,4,1499,30,4197.2,3744.34,452.86
O00024,C0726,2025-11-25,Home,South,3,4999,20,11997.6,8430.72,3566.88
O00025,C0105,2025-11-26,Beauty,South,4,4999,25,14997.0,11283.96,3713.04
O00026,C0628,2025-11-30,Electronics,West,2,499,30,698.6,465.48,233.12
O00027,C0355,2025-11-25,Home,West,4,999,20,3196.8,2462.66,734.14
O00028,C0113,2025-11-24,Home,East,4,499,10,1796.4,1129.73,666.67
O00029,C0630,2025-11-26,Fashion,North,4,2999,15,10196.6,7097.13,3099.47
O00030,C0361,2025-11-26,Beauty,East,3,4999,25,11247.75,6499.29,4748.46
O00031,C0277,2025-11-29,Beauty,East,4,1499,10,5396.4,2733.05,2663.35
O00032,C0665,2025-11-26,Beauty,South,1,2999,30,2099.3,1446.12,653.18
O00033,C0149,2025-11-28,Home,East,5,1499,15,6370.75,3443.55,2927.2
O00034,C0691,2025-11-29,Books,East,3,4999,10,13497.3,9125.64,4371.66
O00035,C0371,2025-11-28,Electronics,West,4,4999,20,15996.8,12161.89,3834.91
O00036,C0544,2025-11-30,Home,North,4,499,15,1696.6,1191.32,505.28
O00037,C0760,2025-11-29,Home,West,2,2999,15,5098.3,2756.59,2341.71
O00038,C0258,2025-11-27,Books,West,1,1499,10,1349.1,773.86,575.24
O00039,C0501,2025-11-29,Fashion,East,1,1499,25,1124.25,850.47,273.78
O00040,C0586,2025-11-26,Electronics,South,1,4999,20,3999.2,2891.48,1107.72
O00041,C0413,2025-11-24,Electronics,West,4,1499,20,4796.8,3468.51,1328.29
O00042,C0104,2025-11-24,Electronics,West,1,999,30,699.3,605.56,93.74
O00043,C0041,2025-11-30,Electronics,West,3,4999,10,13497.3,8469.76,5027.54
O00044,C0662,2025-11-26,Books,North,1,2999,25,2249.25,1629.04,620.21
O00045,C0183,2025-11-28,Home,East,4,4999,25,14997.0,11501.34,3495.66
O00046,C0818,2025-11-26,Books,South,1,2999,15,2549.15,1281.95,1267.2
O00047,C0694,2025-11-25,Home,South,5,4999,25,18746.25,12779.75,5966.5
O00048,C0690,2025-11-30,Home,West,4,2999,15,10196.6,5902.08,4294.52
O00049,C0137,2025-11-28,Books,South,1,2999,10,2699.1,1540.33,1158.77
O00050,C0354,2025-11-30,Electronics,South,3,499,15,1272.45,685.06,587.39
O00051,C0049,2025-11-28,Beauty,East,5,499,10,2245.5,1167.73,1077.77
O00052,C0233,2025-11-27,Beauty,South,2,2999,20,4798.4,3862.08,936.32
O00053,C0788,2025-11-30,Electronics,East,3,2999,30,6297.9,4530.09,1767.81
O00054,C0875,2025-11-29,Electronics,North,5,499,15,2120.75,1436.87,683.88
O00055,C0448,2025-11-30,Home,South,4,999,20,3196.8,2371.81,824.99
O00056,C0871,2025-11-26,Fashion,West,4,499,30,1397.2,885.28,511.92
O00057,C0725,2025-11-30,Electronics,South,2,2999,30,4198.6,3817.69,380.91
O00058,C0598,2025-11-24,Electronics,South,5,4999,25,18746.25,12679.74,6066.51
O00059,C0642,2025-11-29,Fashion,East,2,999,15,1698.3,836.94,861.36
O00060,C0600,2025-11-27,Books,South,2,2999,10,5398.2,3783.65,1614.55
O00061,C0777,2025-11-30,Home,West,3,4999,20,11997.6,7477.18,4520.42
O00062,C0717,2025-11-25,Fashion,East,3,1499,25,3372.75,2827.17,545.58
O00063,C0113,2025-11-28,Electronics,East,3,1499,20,3597.6,2838.21,759.39
O00064,C0193,2025-11-28,Electronics,East,1,999,25,749.25,629.71,119.54
O00065,C0664,2025-11-29,Books,North,2,499,15,848.3,537.08,311.22
O00066,C0740,2025-11-27,Books,East,5,999,25,3746.25,3043.83,702.42
O00067,C0083,2025-11-26,Beauty,South,1,4999,20,3999.2,3076.83,922.37
O00068,C0535,2025-11-25,Fashion,South,2,499,10,898.2,464.33,433.87
O00069,C0114,2025-11-25,Beauty,South,3,1499,10,4047.3,2809.95,1237.35
O00070,C0002,2025-11-28,Beauty,West,5,999,25,3746.25,2012.26,1733.99
O00071,C0587,2025-11-24,Beauty,West,3,2999,25,6747.75,3702.74,3045.01
O00072,C0477,2025-11-27,Fashion,East,4,499,30,1397.2,916.78,480.42
O00073,C0706,2025-11-30,Electronics,West,1,2999,25,2249.25,1690.09,559.16
O00074,C0289,2025-11-28,Books,West,2,499,25,748.5,435.95,312.55
O00075,C0400,2025-11-30,Books,South,5,499,20,1996.0,1062.23,933.77
O00076,C0305,2025-11-29,Home,West,1,999,15,849.15,496.28,352.87
O00077,C0112,2025-11-28,Books,North,3,4999,25,11247.75,7750.71,3497.04
O00078,C0702,2025-11-30,Fashion,North,4,499,20,1596.8,1156.64,440.16
O00079,C0579,2025-11-29,Beauty,North,4,1499,30,4197.2,2448.15,1749.05
O00080,C0678,2025-11-24,Books,West,2,1499,15,2548.3,1451.25,1097.05
O00081,C0885,2025-11-26,Books,North,1,499,30,349.3,208.23,141.07
O00082,C0401,2025-11-27,Electronics,West,2,2999,30,4198.6,2612.43,1586.17
O00083,C0253,2025-11-24,Books,South,3,999,10,2697.3,1918.62,778.68
O00084,C0412,2025-11-30,Electronics,South,4,999,20,3196.8,2550.05,646.75
O00085,C0775,2025-11-24,Books,West,2,499,25,748.5,541.76,206.74
O00086,C0886,2025-11-30,Books,South,3,1499,30,3147.9,1810.56,1337.34
O00087,C0516,2025-11-30,Home,South,2,1499,30,2098.6,1372.18,726.42
O00088,C0460,2025-11-25,Home,North,5,499,10,2245.5,1252.65,992.85
O00089,C0387,2025-11-28,Fashion,East,4,1499,20,4796.8,3774.9,1021.9
O00090,C0312,2025-11-24,Electronics,South,1,499,15,424.15,291.22,132.93
O00091,C0339,2025-11-26,Books,West,5,999,15,4245.75,2106.37,2139.38
O00092,C0348,2025-11-30,Books,West,5,4999,10,22495.5,15820.16,6675.34
O00093,C0498,2025-11-29,Electronics,South,1,2999,25,2249.25,1260.66,988.59
O00094,C0059,2025-11-28,Home,North,1,1499,25,1124.25,787.09,337.16
O00095,C0096,2025-11-27,Home,South,2,1499,25,2248.5,1202.81,1045.69
O00096,C0459,2025-11-27,Books,East,5,4999,20,19996.0,11302.95,8693.05
O00097,C0414,2025-11-27,Beauty,West,1,4999,25,3749.25,2954.36,794.89
O00098,C0318,2025-11-26,Books,West,1,499,25,374.25,234.51,139.74
O00099,C0046,2025-11-25,Fashion,South,2,499,25,748.5,588.9,159.6
O00100,C0740,2025-11-29,Beauty,East,3,4999,25,11247.75,8804.8,2442.95
O00101,C0001,2025-11-26,Books,East,4,1499,20,4796.8,2572.75,2224.05
O00102,C0895,2025-11-27,Fashion,North,5,499,30,1746.5,1187.29,559.21
O00103,C0878,2025-11-26,Home,South,5,499,20,1996.0,1239.4,756.6
O00104,C0870,2025-11-28,Home,East,4,499,25,1497.0,1094.98,402.02
O00105,C0053,2025-11-27,Books,West,4,2999,10,10796.4,5113.85,5682.55
O00106,C0690,2025-11-29,Home,West,4,1499,25,4497.0,2941.12,1555.88
O00107,C0810,2025-11-27,Fashion,South,3,2999,15,7647.45,4749.82,2897.63
O00108,C0346,2025-11-26,Electronics,South,4,4999,15,16996.6,9478.32,7518.28
O00109,C0702,2025-11-27,Books,East,5,499,30,1746.5,1314.53,431.97
O00110,C0605,2025-11-29,Books,South,4,499,25,1497.0,987.5,509.5
O00111,C0420,2025-11-30,Books,West,4,499,15,1696.6,1057.58,639.02
O00112,C0468,2025-11-27,Books,East,1,4999,25,3749.25,3103.32,645.93
O00113,C0846,2025-11-27,Fashion,West,4,499,15,1696.6,1082.58,614.02
O00114,C0764,2025-11-30,Beauty,North,2,2999,25,4498.5,3282.79,1215.71
O00115,C0367,2025-11-24,Fashion,West,1,499,25,374.25,294.32,79.93
O00116,C0669,2025-11-25,Home,South,2,999,10,1798.2,1002.43,795.77
O00117,C0795,2025-11-25,Electronics,South,2,999,15,1698.3,1141.06,557.24
O00118,C0259,2025-11-26,Beauty,North,2,4999,30,6998.6,6321.42,677.18
O00119,C0265,2025-11-29,Fashion,North,4,499,25,1497.0,1080.83,416.17
O00120,C0196,2025-11-26,Beauty,West,4,4999,20,15996.8,11269.57,4727.23
O00121,C0140,2025-11-28,Home,South,3,999,30,2097.9,1427.71,670.19
O00122,C0883,2025-11-26,Home,East,4,499,10,1796.4,1190.35,606.05
O00123,C0349,2025-11-25,Electronics,North,3,4999,25,11247.75,8922.74,2325.01
O00124,C0371,2025-11-26,Home,South,5,4999,10,22495.5,11597.21,10898.29
O00125,C0455,2025-11-27,Home,South,5,499,20,1996.0,1152.43,843.57
O00126,C0881,2025-11-27,Books,West,3,1499,10,4047.3,2338.07,1709.23
O00127,C0044,2025-11-25,Books,South,5,2999,10,13495.5,8542.41,4953.09
O00128,C0493,2025-11-24,Electronics,East,2,499,15,848.3,620.68,227.62
O00129,C0607,2025-11-30,Books,South,5,2999,25,11246.25,9456.24,1790.01
O00130,C0496,2025-11-25,Books,West,5,2999,30,10496.5,7964.16,2532.34
O00131,C0825,2025-11-26,Books,East,2,499,20,798.4,599.16,199.24
O00132,C0486,2025-11-29,Books,West,4,999,30,2797.2,2415.02,382.18
O00133,C0241,2025-11-25,Fashion,North,3,1499,10,4047.3,2278.98,1768.32
O00134,C0719,2025-11-24,Fashion,West,4,499,10,1796.4,960.17,836.23
O00135,C0022,2025-11-25,Fashion,North,3,1499,10,4047.3,1967.51,2079.79
O00136,C0279,2025-11-24,Beauty,East,1,2999,20,2399.2,1422.69,976.51
O00137,C0886,2025-11-29,Electronics,North,5,2999,30,10496.5,6513.41,3983.09
O00138,C0478,2025-11-26,Electronics,North,3,2999,25,6747.75,3894.82,2852.93
O00139,C0585,2025-11-27,Home,East,3,999,25,2247.75,1709.0,538.75
O00140,C0408,2025-11-24,Beauty,East,2,499,15,848.3,615.7,232.6
O00141,C0587,2025-11-26,Books,West,3,4999,15,12747.45,6754.89,5992.56
O00142,C0548,2025-11-29,Electronics,West,2,999,30,1398.6,907.18,491.42
O00143,C0609,2025-11-25,Fashion,South,1,499,20,399.2,241.46,157.74
O00144,C0680,2025-11-28,Home,North,4,2999,10,10796.4,5601.81,5194.59
O00145,C0046,2025-11-29,Electronics,West,5,2999,10,13495.5,6356.58,7138.92
O00146,C0029,2025-11-28,Fashion,East,4,4999,25,14997.0,11344.28,3652.72
O00147,C0869,2025-11-28,Fashion,East,1,4999,15,4249.15,2057.36,2191.79
O00148,C0579,2025-11-27,Electronics,East,2,999,15,1698.3,1151.36,546.94
O00149,C0518,2025-11-25,Books,North,5,999,25,3746.25,2729.13,1017.12
O00150,C0831,2025-11-24,Electronics,West,3,4999,20,11997.6,9427.44,2570.16
O00151,C0616,2025-11-25,Electronics,West,2,4999,25,7498.5,4207.36,3291.14
O00152,C0114,2025-11-30,Home,South,3,2999,20,7197.6,5164.26,2033.34
O00153,C0597,2025-11-27,Fashion,West,3,4999,25,11247.75,9098.4,2149.35
O00154,C0559,2025-11-25,Electronics,South,2,1499,30,2098.6,1258.96,839.64
O00155,C0242,2025-11-30,Beauty,West,3,4999,25,11247.75,8726.82,2520.93
O00156,C0651,2025-11-26,Fashion,East,4,999,20,3196.8,1895.17,1301.63
O00157,C0169,2025-11-28,Beauty,East,3,4999,25,11247.75,7944.26,3303.49
O00158,C0771,2025-11-29,Home,South,4,499,20,1596.8,1249.5,347.3
O00159,C0586,2025-11-24,Fashion,East,5,499,15,2120.75,1380.6,740.15
O00160,C0483,2025-11-28,Beauty,North,5,499,20,1996.0,1076.19,919.81
O00161,C0616,2025-11-24,Beauty,East,1,499,30,349.3,235.41,113.89
O00162,C0295,2025-11-25,Beauty,West,4,999,25,2997.0,2013.18,983.82
O00163,C0158,2025-11-24,Fashion,West,2,999,20,1598.4,929.92,668.48
O00164,C0087,2025-11-29,Home,North,5,999,10,4495.5,2741.55,1753.95
O00165,C0112,2025-11-29,Electronics,West,1,1499,15,1274.15,774.52,499.63
O00166,C0068,2025-11-26,Beauty,East,2,999,25,1498.5,954.41,544.09
O00167,C0650,2025-11-24,Books,East,4,4999,10,17996.4,12391.53,5604.87
O00168,C0338,2025-11-28,Books,East,2,4999,15,8498.3,4542.66,3955.64
O00169,C0552,2025-11-29,Fashion,East,4,1499,15,5096.6,2635.11,2461.49
O00170,C0493,2025-11-30,Beauty,North,5,2999,25,11246.25,9415.34,1830.91
O00171,C0173,2025-11-25,Beauty,South,3,999,30,2097.9,1213.69,884.21
O00172,C0011,2025-11-24,Fashion,South,3,2999,15,7647.45,4504.54,3142.91
O00173,C0721,2025-11-29,Electronics,West,5,4999,10,22495.5,13588.84,8906.66
O00174,C0861,2025-11-29,Home,East,3,2999,25,6747.75,3750.75,2997.0
O00175,C0863,2025-11-29,Home,East,2,2999,30,4198.6,3132.29,1066.31
O00176,C0255,2025-11-24,Beauty,West,3,499,20,1197.6,664.68,532.92
O00177,C0454,2025-11-26,Home,South,5,999,10,4495.5,2915.47,1580.03
O00178,C0701,2025-11-28,Beauty,North,5,999,20,3996.0,3191.75,804.25
O00179,C0688,2025-11-28,Fashion,East,3,1499,15,3822.45,2630.0,1192.45
O00180,C0228,2025-11-26,Beauty,South,2,4999,25,7498.5,5393.76,2104.74
O00181,C0253,2025-11-24,Beauty,South,2,4999,10,8998.2,6228.6,2769.6
O00182,C0859,2025-11-29,Fashion,North,3,1499,15,3822.45,2506.03,1316.42
O00183,C0866,2025-11-25,Fashion,East,2,999,25,1498.5,954.16,544.34
O00184,C0552,2025-11-26,Fashion,West,4,1499,10,5396.4,3348.08,2048.32
O00185,C0046,2025-11-26,Electronics,West,2,499,15,848.3,456.62,391.68
O00186,C0335,2025-11-24,Electronics,West,1,999,15,849.15,604.77,244.38
O00187,C0880,2025-11-27,Electronics,East,1,1499,20,1199.2,721.12,478.08
O00188,C0664,2025-11-30,Home,East,1,1499,15,1274.15,656.68,617.47
O00189,C0636,2025-11-25,Home,East,4,1499,10,5396.4,2516.37,2880.03
O00190,C0821,2025-11-30,Electronics,West,1,999,20,799.2,457.68,341.52
O00191,C0256,2025-11-30,Home,North,5,499,30,1746.5,1054.84,691.66
O00192,C0261,2025-11-30,Electronics,West,3,999,20,2397.6,1656.77,740.83
O00193,C0322,2025-11-26,Beauty,North,1,1499,25,1124.25,921.26,202.99
O00194,C0528,2025-11-29,Fashion,East,4,2999,15,10196.6,5319.26,4877.34
O00195,C0441,2025-11-24,Beauty,South,4,999,10,3596.4,2437.46,1158.94
O00196,C0734,2025-11-27,Fashion,East,1,4999,20,3999.2,3114.1,885.1
O00197,C0075,2025-11-26,Electronics,East,2,499,10,898.2,513.52,384.68
O00198,C0676,2025-11-27,Books,East,2,499,20,798.4,550.67,247.73
O00199,C0080,2025-11-26,Fashion,South,4,4999,25,14997.0,10300.84,4696.16
O00200,C0784,2025-11-28,Electronics,North,4,499,30,1397.2,819.37,577.83
O00201,C0428,2025-11-29,Electronics,North,1,499,20,399.2,295.07,104.13
O00202,C0526,2025-11-28,Books,North,2,4999,15,8498.3,5212.94,3285.36
O00203,C0819,2025-11-27,Electronics,West,5,4999,15,21245.75,10237.11,11008.64
O00204,C0521,2025-11-27,Books,East,2,4999,30,6998.6,4283.85,2714.75
O00205,C0611,2025-11-24,Home,North,1,4999,20,3999.2,3165.11,834.09
O00206,C0777,2025-11-28,Books,South,5,2999,20,11996.0,9721.49,2274.51
O00207,C0013,2025-11-27,Fashion,West,4,2999,15,10196.6,6369.89,3826.71
O00208,C0685,2025-11-30,Home,West,2,499,30,698.6,427.21,271.39
O00209,C0431,2025-11-26,Electronics,West,2,999,25,1498.5,904.48,594.02
O00210,C0228,2025-11-24,Beauty,West,5,999,10,4495.5,3196.08,1299.42
O00211,C0584,2025-11-26,Electronics,East,5,4999,30,17496.5,13927.28,3569.22
O00212,C0422,2025-11-27,Electronics,East,3,1499,30,3147.9,2415.59,732.31
O00213,C0446,2025-11-27,Books,West,4,2999,20,9596.8,6490.73,3106.07
O00214,C0346,2025-11-30,Beauty,North,4,1499,10,5396.4,3700.13,1696.27
O00215,C0047,2025-11-26,Books,East,1,2999,20,2399.2,1465.25,933.95
O00216,C0769,2025-11-24,Books,North,4,999,20,3196.8,1847.09,1349.71
O00217,C0017,2025-11-29,Electronics,South,4,999,30,2797.2,2529.47,267.73
O00218,C0777,2025-11-30,Fashion,South,3,4999,20,11997.6,7605.44,4392.16
O00219,C0019,2025-11-29,Fashion,North,4,2999,25,8997.0,7181.41,1815.59
O00220,C0607,2025-11-30,Fashion,West,4,2999,30,8397.2,6241.01,2156.19
O00221,C0690,2025-11-25,Electronics,North,1,1499,20,1199.2,804.78,394.42
O00222,C0384,2025-11-30,Home,East,2,1499,10,2698.2,1303.0,1395.2
O00223,C0303,2025-11-28,Electronics,North,3,499,10,1347.3,971.85,375.45
O00224,C0582,2025-11-30,Beauty,West,5,4999,30,17496.5,15265.27,2231.23
O00225,C0139,2025-11-26,Beauty,North,4,999,30,2797.2,2107.89,689.31
O00226,C0813,2025-11-30,Home,South,4,999,10,3596.4,1800.4,1796.0
O00227,C0595,2025-11-24,Home,South,5,999,10,4495.5,2032.34,2463.16
O00228,C0232,2025-11-24,Beauty,East,3,999,30,2097.9,1428.98,668.92
O00229,C0660,2025-11-27,Home,East,1,2999,30,2099.3,1624.25,475.05
O00230,C0509,2025-11-29,Fashion,East,4,2999,15,10196.6,6333.84,3862.76
O00231,C0161,2025-11-25,Home,South,1,4999,30,3499.3,2997.46,501.84
O00232,C0170,2025-11-25,Fashion,North,4,1499,25,4497.0,2481.87,2015.13
O00233,C0392,2025-11-29,Beauty,West,2,999,20,1598.4,818.66,779.74
O00234,C0378,2025-11-28,Books,North,1,999,20,799.2,419.28,379.92
O00235,C0170,2025-11-30,Books,North,3,499,30,1047.9,917.23,130.67
O00236,C0045,2025-11-29,Books,North,3,499,25,1122.75,749.45,373.3
O00237,C0540,2025-11-28,Home,East,2,999,30,1398.6,862.68,535.92
O00238,C0391,2025-11-30,Fashion,West,4,4999,10,17996.4,10916.33,7080.07
O00239,C0627,2025-11-26,Books,East,1,1499,15,1274.15,777.09,497.06
O00240,C0164,2025-11-30,Home,South,3,1499,15,3822.45,1815.45,2007.0
O00241,C0196,2025-11-29,Electronics,South,3,4999,30,10497.9,9134.64,1363.26
O00242,C0376,2025-11-24,Fashion,North,4,999,25,2997.0,1675.13,1321.87
O00243,C0390,2025-11-29,Beauty,North,1,4999,10,4499.1,2868.74,1630.36
O00244,C0686,2025-11-28,Beauty,North,3,499,30,1047.9,884.07,163.83
O00245,C0802,2025-11-30,Electronics,North,4,499,10,1796.4,929.98,866.42
O00246,C0323,2025-11-30,Beauty,South,1,4999,30,3499.3,2156.06,1343.24
O00247,C0686,2025-11-30,Fashion,East,3,2999,25,6747.75,4858.83,1888.92
O00248,C0288,2025-11-24,Fashion,North,1,499,15,424.15,232.26,191.89
O00249,C0876,2025-11-28,Electronics,East,5,499,10,2245.5,1586.74,658.76
O00250,C0238,2025-11-25,Home,North,1,1499,10,1349.1,860.95,488.15
O00251,C0462,2025-11-24,Books,East,4,4999,10,17996.4,9546.68,8449.72
O00252,C0812,2025-11-24,Beauty,West,4,499,30,1397.2,1170.08,227.12
O00253,C0218,2025-11-24,Electronics,South,1,1499,30,1049.3,771.52,277.78
O00254,C0400,2025-11-26,Home,West,1,1499,20,1199.2,885.51,313.69
O00255,C0484,2025-11-28,Home,North,2,999,25,1498.5,963.1,535.4
O00256,C0879,2025-11-27,Home,East,4,1499,10,5396.4,2731.9,2664.5
O00257,C0538,2025-11-27,Electronics,South,5,4999,30,17496.5,15753.77,1742.73
O00258,C0403,2025-11-29,Books,East,2,4999,10,8998.2,5768.89,3229.31
O00259,C0073,2025-11-24,Beauty,North,1,999,25,749.25,640.23,109.02
O00260,C0462,2025-11-26,Fashion,North,2,999,25,1498.5,1178.36,320.14
O00261,C0407,2025-11-25,Electronics,North,5,499,20,1996.0,1302.96,693.04
O00262,C0660,2025-11-26,Home,West,1,499,30,349.3,274.77,74.53
O00263,C0039,2025-11-27,Home,North,1,999,20,799.2,456.01,343.19
O00264,C0534,2025-11-27,Beauty,East,1,1499,25,1124.25,708.5,415.75
O00265,C0606,2025-11-26,Books,East,5,2999,30,10496.5,9058.14,1438.36
O00266,C0666,2025-11-25,Beauty,North,5,499,25,1871.25,1005.56,865.69
O00267,C0005,2025-11-30,Electronics,West,1,499,25,374.25,299.14,75.11
O00268,C0318,2025-11-28,Fashion,South,4,999,25,2997.0,1911.29,1085.71
O00269,C0076,2025-11-27,Electronics,West,1,2999,30,2099.3,1277.02,822.28
O00270,C0175,2025-11-24,Home,East,1,499,20,399.2,276.46,122.74
O00271,C0607,2025-11-27,Beauty,East,3,499,20,1197.6,723.87,473.73
O00272,C0532,2025-11-26,Books,West,2,999,15,1698.3,1131.66,566.64
O00273,C0112,2025-11-27,Electronics,South,3,1499,15,3822.45,2056.04,1766.41
O00274,C0898,2025-11-30,Electronics,East,2,1499,15,2548.3,1878.9,669.4
O00275,C0642,2025-11-27,Home,South,5,4999,30,17496.5,11123.48,6373.02
O00276,C0852,2025-11-27,Fashion,North,4,499,30,1397.2,1036.73,360.47
O00277,C0782,2025-11-27,Fashion,East,4,999,30,2797.2,2466.58,330.62
O00278,C0201,2025-11-30,Books,East,5,2999,15,12745.75,9480.94,3264.81
O00279,C0250,2025-11-30,Books,South,5,2999,20,11996.0,9633.35,2362.65
O00280,C0095,2025-11-26,Electronics,South,4,2999,30,8397.2,6157.65,2239.55
O00281,C0784,2025-11-27,Books,West,3,4999,15,12747.45,8964.57,3782.88
O00282,C0373,2025-11-28,Electronics,West,4,499,25,1497.0,801.33,695.67
O00283,C0122,2025-11-29,Electronics,West,2,1499,25,2248.5,1654.54,593.96
O00284,C0831,2025-11-28,Books,South,2,1499,10,2698.2,1493.9,1204.3
O00285,C0214,2025-11-30,Books,West,3,1499,25,3372.75,2138.62,1234.13
O00286,C0644,2025-11-29,Home,East,1,499,20,399.2,282.26,116.94
O00287,C0244,2025-11-26,Fashion,West,4,499,15,1696.6,1097.45,599.15
O00288,C0766,2025-11-28,Fashion,East,1,4999,25,3749.25,2496.42,1252.83
O00289,C0665,2025-11-24,Home,North,3,999,30,2097.9,1823.49,274.41
O00290,C0008,2025-11-24,Electronics,North,5,999,25,3746.25,3227.91,518.34
O00291,C0426,2025-11-24,Books,West,1,499,20,399.2,252.51,146.69
O00292,C0790,2025-11-29,Books,North,2,4999,20,7998.4,5968.26,2030.14
O00293,C0689,2025-11-29,Books,South,2,499,15,848.3,399.5,448.8
O00294,C0385,2025-11-30,Books,North,2,4999,20,7998.4,5663.89,2334.51
O00295,C0691,2025-11-25,Electronics,North,5,2999,25,11246.25,6477.3,4768.95
O00296,C0693,2025-11-27,Fashion,West,3,1499,30,3147.9,1939.18,1208.72
O00297,C0142,2025-11-25,Electronics,South,3,1499,25,3372.75,1877.73,1495.02
O00298,C0084,2025-11-28,Beauty,East,2,499,25,748.5,452.42,296.08
O00299,C0645,2025-11-29,Fashion,North,1,2999,25,2249.25,1246.93,1002.32
O00300,C0120,2025-11-29,Beauty,South,2,999,25,1498.5,929.97,568.53
O00301,C0641,2025-11-28,Books,North,4,4999,15,16996.6,9582.4,7414.2
O00302,C0857,2025-11-25,Fashion,South,4,2999,25,8997.0,5619.87,3377.13
O00303,C0675,2025-11-25,Home,South,5,499,30,1746.5,1455.94,290.56
O00304,C0105,2025-11-25,Beauty,South,5,999,25,3746.25,3003.3,742.95
O00305,C0640,2025-11-28,Home,South,4,4999,20,15996.8,11022.86,4973.94
O00306,C0425,2025-11-30,Home,East,2,1499,15,2548.3,1878.99,669.31
O00307,C0255,2025-11-30,Beauty,West,3,4999,20,11997.6,8848.68,3148.92
O00308,C0802,2025-11-25,Fashion,North,5,499,10,2245.5,1044.4,1201.1
O00309,C0533,2025-11-24,Home,West,4,1499,10,5396.4,3305.29,2091.11
O00310,C0357,2025-11-28,Electronics,West,4,499,20,1596.8,956.71,640.09
O00311,C0625,2025-11-24,Fashion,East,2,2999,30,4198.6,3117.32,1081.28
O00312,C0748,2025-11-26,Beauty,South,5,499,15,2120.75,1007.86,1112.89
O00313,C0742,2025-11-27,Beauty,North,4,999,10,3596.4,2010.44,1585.96
O00314,C0305,2025-11-24,Books,North,2,999,15,1698.3,961.04,737.26
O00315,C0635,2025-11-28,Books,West,2,4999,20,7998.4,4860.78,3137.62
O00316,C0816,2025-11-28,Fashion,East,4,999,25,2997.0,2567.6,429.4
O00317,C0070,2025-11-28,Fashion,East,4,4999,20,15996.8,11815.84,4180.96
O00318,C0491,2025-11-29,Fashion,West,4,1499,10,5396.4,2508.56,2887.84
O00319,C0436,2025-11-25,Home,West,4,499,15,1696.6,1152.93,543.67
O00320,C0374,2025-11-28,Home,South,4,2999,10,10796.4,5108.53,5687.87
O00321,C0557,2025-11-24,Home,West,2,999,10,1798.2,1197.04,601.16
O00322,C0592,2025-11-25,Home,South,2,499,30,698.6,573.71,124.89
O00323,C0859,2025-11-30,Fashion,North,5,2999,15,12745.75,9602.61,3143.14
O00324,C0086,2025-11-25,Beauty,South,1,2999,30,2099.3,1593.04,506.26
O00325,C0153,2025-11-25,Electronics,West,4,1499,20,4796.8,3215.01,1581.79
O00326,C0866,2025-11-24,Books,East,2,499,10,898.2,553.19,345.01
O00327,C0690,2025-11-24,Beauty,South,2,4999,25,7498.5,4632.53,2865.97
O00328,C0215,2025-11-29,Beauty,East,4,4999,25,14997.0,11807.8,3189.2
O00329,C0336,2025-11-26,Home,North,1,999,30,699.3,582.26,117.04
O00330,C0034,2025-11-28,Electronics,East,1,499,20,399.2,310.0,89.2
O00331,C0899,2025-11-25,Fashion,North,5,1499,15,6370.75,3239.38,3131.37
O00332,C0463,2025-11-25,Fashion,South,1,999,25,749.25,402.28,346.97
O00333,C0542,2025-11-25,Electronics,South,3,499,15,1272.45,877.92,394.53
O00334,C0468,2025-11-26,Fashion,North,3,999,20,2397.6,1346.77,1050.83
O00335,C0574,2025-11-24,Books,North,4,4999,15,16996.6,12244.65,4751.95
O00336,C0861,2025-11-30,Beauty,West,4,2999,15,10196.6,5170.18,5026.42
O00337,C0212,2025-11-30,Electronics,East,5,2999,20,11996.0,6032.67,5963.33
O00338,C0020,2025-11-27,Electronics,West,3,1499,20,3597.6,1871.06,1726.54
O00339,C0032,2025-11-29,Books,East,4,1499,30,4197.2,3094.4,1102.8
O00340,C0338,2025-11-29,Electronics,West,3,1499,30,3147.9,1829.68,1318.22
O00341,C0423,2025-11-30,Fashion,North,4,1499,15,5096.6,3267.98,1828.62
O00342,C0368,2025-11-24,Home,North,5,999,20,3996.0,2117.75,1878.25
O00343,C0723,2025-11-27,Electronics,South,5,2999,30,10496.5,8146.58,2349.92
O00344,C0382,2025-11-25,Fashion,South,1,1499,15,1274.15,865.05,409.1
O00345,C0858,2025-11-28,Fashion,West,2,4999,10,8998.2,4809.98,4188.22
O00346,C0278,2025-11-29,Electronics,East,4,1499,15,5096.6,2922.81,2173.79
O00347,C0765,2025-11-30,Fashion,East,4,2999,15,10196.6,7612.72,2583.88
O00348,C0338,2025-11-30,Fashion,East,1,499,10,449.1,214.05,235.05
O00349,C0475,2025-11-27,Books,South,3,4999,25,11247.75,9128.76,2118.99
O00350,C0456,2025-11-26,Books,North,4,499,15,1696.6,839.55,857.05
O00351,C0368,2025-11-30,Books,North,2,499,20,798.4,625.86,172.54
O00352,C0443,2025-11-24,Home,South,5,2999,10,13495.5,9134.84,4360.66
O00353,C0720,2025-11-26,Home,East,2,4999,15,8498.3,4918.96,3579.34
O00354,C0813,2025-11-26,Books,West,5,999,10,4495.5,2405.07,2090.43
O00355,C0622,2025-11-30,Electronics,North,4,1499,25,4497.0,3141.79,1355.21
O00356,C0229,2025-11-24,Home,East,2,2999,30,4198.6,3595.02,603.58
O00357,C0257,2025-11-26,Electronics,North,4,2999,15,10196.6,6124.41,4072.19
O00358,C0870,2025-11-26,Books,West,4,499,30,1397.2,1082.82,314.38
O00359,C0172,2025-11-25,Electronics,South,1,499,20,399.2,281.85,117.35
O00360,C0385,2025-11-24,Electronics,South,2,2999,30,4198.6,3291.57,907.03
O00361,C0073,2025-11-25,Books,South,3,2999,25,6747.75,5130.0,1617.75
O00362,C0109,2025-11-29,Electronics,South,1,2999,20,2399.2,1492.31,906.89
O00363,C0881,2025-11-30,Books,South,5,4999,25,18746.25,13605.5,5140.75
O00364,C0050,2025-11-30,Fashion,South,4,499,20,1596.8,1145.67,451.13
O00365,C0693,2025-11-26,Fashion,East,5,2999,30,10496.5,9304.13,1192.37
O00366,C0668,2025-11-24,Books,East,5,4999,30,17496.5,12476.03,5020.47
O00367,C0249,2025-11-24,Books,North,2,4999,25,7498.5,4988.82,2509.68
O00368,C0292,2025-11-28,Books,East,1,2999,15,2549.15,1571.81,977.34
O00369,C0658,2025-11-29,Home,East,3,1499,25,3372.75,2567.78,804.97
O00370,C0596,2025-11-30,Fashion,West,3,499,10,1347.3,767.92,579.38
O00371,C0238,2025-11-26,Beauty,East,2,2999,20,4798.4,2826.27,1972.13
O00372,C0820,2025-11-29,Home,South,5,499,25,1871.25,1017.33,853.92
O00373,C0626,2025-11-28,Home,North,3,4999,30,10497.9,6783.51,3714.39
O00374,C0373,2025-11-28,Home,West,4,4999,30,13997.2,12828.07,1169.13
O00375,C0682,2025-11-30,Books,North,5,999,25,3746.25,2409.92,1336.33
O00376,C0844,2025-11-25,Home,North,4,2999,30,8397.2,5726.38,2670.82
O00377,C0668,2025-11-29,Electronics,West,4,999,10,3596.4,2593.48,1002.92
O00378,C0703,2025-11-29,Fashion,East,4,2999,10,10796.4,7438.0,3358.4
O00379,C0224,2025-11-27,Books,South,1,499,25,374.25,262.96,111.29
O00380,C0514,2025-11-26,Home,North,2,999,15,1698.3,1156.59,541.71
O00381,C0619,2025-11-26,Fashion,East,2,999,25,1498.5,1089.73,408.77
O00382,C0142,2025-11-30,Beauty,East,1,999,15,849.15,421.33,427.82
O00383,C0712,2025-11-29,Home,North,2,999,25,1498.5,918.03,580.47
O00384,C0609,2025-11-29,Electronics,South,3,4999,25,11247.75,6583.21,4664.54
O00385,C0499,2025-11-24,Home,West,2,999,15,1698.3,932.99,765.31
O00386,C0728,2025-11-26,Home,East,5,1499,10,6745.5,4094.44,2651.06
O00387,C0153,2025-11-24,Electronics,West,3,2999,10,8097.3,5652.92,2444.38
O00388,C0429,2025-11-26,Home,East,1,2999,20,2399.2,1254.81,1144.39
O00389,C0114,2025-11-30,Fashion,North,5,1499,25,5621.25,4495.49,1125.76
O00390,C0612,2025-11-24,Fashion,West,5,4999,15,21245.75,15791.66,5454.09
O00391,C0753,2025-11-27,Electronics,South,1,2999,20,2399.2,1221.84,1177.36
O00392,C0672,2025-11-29,Electronics,East,2,999,30,1398.6,1123.43,275.17
O00393,C0712,2025-11-26,Fashion,North,4,1499,20,4796.8,3026.85,1769.95
O00394,C0349,2025-11-28,Home,North,3,1499,20,3597.6,2162.88,1434.72
O00395,C0439,2025-11-24,Beauty,West,2,2999,15,5098.3,3457.39,1640.91
O00396,C0320,2025-11-30,Fashion,South,4,4999,30,13997.2,12007.65,1989.55
O00397,C0197,2025-11-28,Books,North,2,2999,25,4498.5,3685.51,812.99
O00398,C0183,2025-11-29,Fashion,West,3,2999,10,8097.3,3664.55,4432.75
O00399,C0435,2025-11-28,Electronics,South,5,2999,15,12745.75,9551.97,3193.78
O00400,C0384,2025-11-26,Electronics,West,2,999,10,1798.2,1081.03,717.17
O00401,C0659,2025-11-27,Electronics,North,1,2999,30,2099.3,1227.44,871.86
O00402,C0213,2025-11-28,Fashion,East,3,499,15,1272.45,613.27,659.18
O00403,C0614,2025-11-27,Fashion,North,3,4999,10,13497.3,7712.57,5784.73
O00404,C0199,2025-11-29,Fashion,South,4,999,10,3596.4,2149.08,1447.32
O00405,C0387,2025-11-30,Books,South,5,499,30,1746.5,1096.27,650.23
O00406,C0492,2025-11-24,Fashion,South,1,499,20,399.2,227.59,171.61
O00407,C0129,2025-11-25,Books,South,4,499,10,1796.4,1246.36,550.04
O00408,C0799,2025-11-24,Home,East,4,2999,20,9596.8,5343.71,4253.09
O00409,C0555,2025-11-28,Beauty,South,5,4999,20,19996.0,13066.11,6929.89
O00410,C0155,2025-11-25,Books,North,5,999,10,4495.5,2497.79,1997.71
O00411,C0567,2025-11-24,Home,East,1,999,25,749.25,643.37,105.88
O00412,C0332,2025-11-25,Home,West,4,2999,20,9596.8,6307.71,3289.09
O00413,C0710,2025-11-30,Electronics,West,4,499,30,1397.2,1006.46,390.74
O00414,C0264,2025-11-30,Home,South,3,2999,15,7647.45,5161.52,2485.93
O00415,C0477,2025-11-29,Home,West,3,2999,15,7647.45,4617.82,3029.63
O00416,C0453,2025-11-24,Books,East,4,4999,30,13997.2,9302.5,4694.7
O00417,C0795,2025-11-30,Electronics,West,4,1499,25,4497.0,3100.09,1396.91
O00418,C0622,2025-11-27,Fashion,East,1,999,30,699.3,527.96,171.34
O00419,C0614,2025-11-25,Books,South,2,2999,30,4198.6,2491.11,1707.49
O00420,C0449,2025-11-24,Electronics,East,4,499,25,1497.0,926.72,570.28
O00421,C0435,2025-11-24,Home,West,2,2999,10,5398.2,3367.09,2031.11
O00422,C0207,2025-11-24,Beauty,West,4,4999,30,13997.2,8051.26,5945.94
O00423,C0652,2025-11-24,Fashion,West,3,2999,30,6297.9,5483.93,813.97
O00424,C0179,2025-11-30,Home,South,5,4999,15,21245.75,15606.67,5639.08
O00425,C0689,2025-11-29,Home,North,5,1499,15,6370.75,4839.86,1530.89
O00426,C0088,2025-11-28,Books,East,4,499,10,1796.4,1086.22,710.18
O00427,C0720,2025-11-24,Beauty,North,5,499,30,1746.5,1272.45,474.05
O00428,C0106,2025-11-26,Fashion,North,5,2999,25,11246.25,9267.74,1978.51
O00429,C0057,2025-11-27,Home,North,4,2999,10,10796.4,6971.27,3825.13
O00430,C0562,2025-11-28,Home,West,3,999,15,2547.45,1516.97,1030.48
O00431,C0664,2025-11-26,Beauty,North,5,2999,25,11246.25,8619.83,2626.42
O00432,C0849,2025-11-28,Electronics,North,1,1499,10,1349.1,633.92,715.18
O00433,C0755,2025-11-26,Electronics,South,4,499,10,1796.4,1046.08,750.32
O00434,C0682,2025-11-26,Books,West,1,1499,10,1349.1,655.29,693.81
O00435,C0084,2025-11-24,Fashion,West,2,999,30,1398.6,886.92,511.68
O00436,C0664,2025-11-27,Home,South,3,4999,30,10497.9,7773.59,2724.31
O00437,C0767,2025-11-27,Home,East,5,2999,20,11996.0,8228.52,3767.48
O00438,C0695,2025-11-29,Books,East,2,1499,15,2548.3,1486.69,1061.61
O00439,C0292,2025-11-24,Home,South,2,499,20,798.4,420.0,378.4
O00440,C0806,2025-11-29,Home,North,4,1499,10,5396.4,3809.2,1587.2
O00441,C0628,2025-11-30,Fashion,West,2,999,25,1498.5,1267.45,231.05
O00442,C0704,2025-11-28,Beauty,West,4,2999,30,8397.2,7111.97,1285.23
O00443,C0005,2025-11-30,Books,East,5,499,25,1871.25,1476.49,394.76
O00444,C0469,2025-11-26,Books,North,3,2999,10,8097.3,5416.95,2680.35
O00445,C0401,2025-11-28,Books,North,3,4999,20,11997.6,8306.0,3691.6
O00446,C0528,2025-11-24,Fashion,East,3,1499,30,3147.9,2487.15,660.75
O00447,C0047,2025-11-29,Home,West,5,2999,15,12745.75,7059.8,5685.95
O00448,C0633,2025-11-28,Books,West,3,1499,20,3597.6,1828.94,1768.66
O00449,C0250,2025-11-26,Fashion,West,2,999,20,1598.4,985.96,612.44
O00450,C0093,2025-11-29,Electronics,East,5,499,10,2245.5,1560.22,685.28
O00451,C0435,2025-11-28,Books,East,1,4999,20,3999.2,2512.45,1486.75
O00452,C0366,2025-11-30,Books,West,5,999,15,4245.75,2093.37,2152.38
O00453,C0675,2025-11-27,Fashion,East,1,4999,15,4249.15,2064.98,2184.17
O00454,C0152,2025-11-29,Beauty,East,5,499,10,2245.5,1549.86,695.64
O00455,C0508,2025-11-29,Fashion,North,2,1499,30,2098.6,1924.57,174.03
O00456,C0168,2025-11-30,Books,West,3,1499,20,3597.6,2413.37,1184.23
O00457,C0066,2025-11-30,Home,West,5,499,30,1746.5,1085.89,660.61
O00458,C0313,2025-11-27,Electronics,East,3,4999,30,10497.9,7048.74,3449.16
O00459,C0107,2025-11-27,Books,East,2,4999,15,8498.3,6337.42,2160.88
O00460,C0081,2025-11-27,Fashion,West,4,999,10,3596.4,1860.39,1736.01
O00461,C0353,2025-11-30,Fashion,South,3,4999,10,13497.3,9030.71,4466.59
O00462,C0516,2025-11-28,Books,West,4,2999,25,8997.0,6656.8,2340.2
O00463,C0482,2025-11-26,Home,East,5,4999,30,17496.5,12878.82,4617.68
O00464,C0777,2025-11-26,Electronics,South,3,4999,20,11997.6,9311.18,2686.42
O00465,C0140,2025-11-29,Books,South,3,499,10,1347.3,942.39,404.91
O00466,C0446,2025-11-25,Beauty,East,4,499,20,1596.8,1278.72,318.08
O00467,C0256,2025-11-28,Books,North,1,4999,15,4249.15,2313.5,1935.65
O00468,C0541,2025-11-26,Home,West,1,999,20,799.2,609.76,189.44
O00469,C0686,2025-11-26,Beauty,North,5,999,25,3746.25,2895.56,850.69
O00470,C0412,2025-11-25,Fashion,South,1,1499,25,1124.25,807.36,316.89
O00471,C0344,2025-11-28,Home,North,1,2999,10,2699.1,1692.36,1006.74
O00472,C0135,2025-11-29,Fashion,West,3,999,10,2697.3,1482.59,1214.71
O00473,C0858,2025-11-27,Fashion,West,3,999,15,2547.45,1238.4,1309.05
O00474,C0166,2025-11-26,Home,West,1,4999,25,3749.25,2794.12,955.13
O00475,C0819,2025-11-30,Electronics,South,3,2999,15,7647.45,5536.7,2110.75
O00476,C0504,2025-11-28,Fashion,West,1,999,30,699.3,574.06,125.24
O00477,C0327,2025-11-29,Home,East,5,499,25,1871.25,1257.6,613.65
O00478,C0386,2025-11-25,Home,West,5,4999,20,19996.0,13207.35,6788.65
O00479,C0030,2025-11-25,Books,South,3,1499,10,4047.3,2386.65,1660.65
O00480,C0679,2025-11-28,Books,West,3,999,10,2697.3,1901.7,795.6
O00481,C0324,2025-11-30,Books,East,4,4999,10,17996.4,12554.15,5442.25
O00482,C0318,2025-11-25,Books,South,4,4999,30,13997.2,10627.73,3369.47
O00483,C0337,2025-11-25,Electronics,South,5,1499,25,5621.25,4653.32,967.93
O00484,C0554,2025-11-28,Beauty,North,1,999,15,849.15,603.02,246.13
O00485,C0213,2025-11-30,Beauty,West,2,999,15,1698.3,1257.72,440.58
O00486,C0454,2025-11-30,Beauty,West,5,2999,20,11996.0,6473.25,5522.75
O00487,C0797,2025-11-26,Fashion,West,2,2999,30,4198.6,3452.48,746.12
O00488,C0030,2025-11-29,Fashion,South,2,4999,25,7498.5,5845.78,1652.72
O00489,C0232,2025-11-30,Home,West,1,4999,25,3749.25,2560.53,1188.72
O00490,C0550,2025-11-25,Fashion,East,1,499,25,374.25,222.3,151.95
O00491,C0436,2025-11-25,Fashion,South,3,1499,25,3372.75,2071.68,1301.07
O00492,C0339,2025-11-25,Home,East,4,2999,10,10796.4,4966.15,5830.25
O00493,C0129,2025-11-30,Beauty,South,5,2999,15,12745.75,6226.28,6519.47
O00494,C0830,2025-11-27,Electronics,East,2,999,30,1398.6,971.22,427.38
O00495,C0157,2025-11-26,Home,East,2,1499,10,2698.2,1771.29,926.91
O00496,C0809,2025-11-29,Fashion,West,3,2999,30,6297.9,4956.52,1341.38
O00497,C0426,2025-11-27,Books,North,4,499,20,1596.8,850.43,746.37
O00498,C0885,2025-11-26,Beauty,West,3,4999,25,11247.75,8389.44,2858.31
O00499,C0895,2025-11-26,Beauty,North,2,4999,25,7498.5,6102.3,1396.2
O00500,C0271,2025-11-29,Beauty,West,3,1499,30,3147.9,2553.4,594.5
O00501,C0639,2025-11-30,Electronics,South,2,999,15,1698.3,1154.68,543.62
O00502,C0548,2025-11-27,Beauty,North,3,4999,30,10497.9,7237.16,3260.74
O00503,C0630,2025-11-26,Home,East,1,2999,15,2549.15,1378.9,1170.25
O00504,C0423,2025-11-24,Books,East,2,2999,20,4798.4,2446.84,2351.56
O00505,C0736,2025-11-24,Fashion,South,2,499,10,898.2,431.33,466.87
O00506,C0248,2025-11-29,Books,West,5,4999,10,22495.5,14333.44,8162.06
O00507,C0254,2025-11-26,Beauty,North,1,2999,15,2549.15,1607.69,941.46
O00508,C0690,2025-11-24,Electronics,East,3,4999,10,13497.3,6141.99,7355.31
O00509,C0828,2025-11-25,Home,West,2,999,25,1498.5,939.16,559.34
O00510,C0461,2025-11-27,Fashion,West,4,499,15,1696.6,1115.71,580.89
O00511,C0442,2025-11-29,Books,East,1,1499,25,1124.25,736.69,387.56
O00512,C0507,2025-11-26,Books,East,4,4999,20,15996.8,9765.31,6231.49
O00513,C0027,2025-11-26,Home,South,5,4999,20,19996.0,16098.42,3897.58
O00514,C0085,2025-11-27,Electronics,East,4,999,30,2797.2,2307.76,489.44
O00515,C0573,2025-11-25,Books,East,5,1499,20,5996.0,4679.82,1316.18
O00516,C0679,2025-11-26,Fashion,North,2,1499,15,2548.3,1753.13,795.17
O00517,C0778,2025-11-24,Beauty,East,4,4999,30,13997.2,8818.36,5178.84
O00518,C0190,2025-11-24,Home,East,1,499,30,349.3,278.09,71.21
O00519,C0062,2025-11-30,Fashion,North,4,1499,20,4796.8,2877.58,1919.22
O00520,C0269,2025-11-27,Fashion,North,2,2999,25,4498.5,3546.37,952.13
O00521,C0059,2025-11-25,Home,South,5,4999,15,21245.75,11873.78,9371.97
O00522,C0292,2025-11-26,Electronics,South,2,499,15,848.3,583.29,265.01
O00523,C0660,2025-11-30,Electronics,East,5,999,25,3746.25,2289.65,1456.6
O00524,C0040,2025-11-26,Fashion,East,1,999,10,899.1,605.08,294.02
O00525,C0063,2025-11-29,Electronics,East,4,4999,20,15996.8,10912.79,5084.01
O00526,C0820,2025-11-29,Fashion,South,4,4999,20,15996.8,8441.01,7555.79
O00527,C0567,2025-11-28,Electronics,North,3,1499,25,3372.75,1807.98,1564.77
O00528,C0515,2025-11-29,Home,West,2,1499,15,2548.3,1395.56,1152.74
O00529,C0703,2025-11-28,Beauty,South,1,999,15,849.15,549.66,299.49
O00530,C0191,2025-11-27,Fashion,East,4,2999,30,8397.2,6046.02,2351.18
O00531,C0792,2025-11-25,Books,North,2,499,10,898.2,436.81,461.39
O00532,C0041,2025-11-24,Home,East,2,4999,10,8998.2,6483.53,2514.67
O00533,C0617,2025-11-24,Books,North,5,499,15,2120.75,1383.52,737.23
O00534,C0370,2025-11-25,Fashion,North,5,2999,25,11246.25,7130.19,4116.06
O00535,C0037,2025-11-28,Fashion,North,5,499,30,1746.5,1539.95,206.55
O00536,C0576,2025-11-29,Fashion,North,2,999,20,1598.4,995.28,603.12
O00537,C0884,2025-11-29,Beauty,West,4,999,15,3396.6,2358.01,1038.59
O00538,C0088,2025-11-24,Fashion,North,1,1499,10,1349.1,941.1,408.0
O00539,C0491,2025-11-26,Electronics,East,5,499,30,1746.5,1492.75,253.75
O00540,C0801,2025-11-25,Electronics,South,1,499,15,424.15,289.69,134.46
O00541,C0029,2025-11-27,Electronics,East,3,1499,30,3147.9,2212.39,935.51
O00542,C0847,2025-11-29,Beauty,West,5,2999,25,11246.25,7291.1,3955.15
O00543,C0669,2025-11-27,Fashion,South,3,999,20,2397.6,1728.88,668.72
O00544,C0027,2025-11-30,Fashion,West,1,2999,15,2549.15,1287.82,1261.33
O00545,C0874,2025-11-29,Electronics,East,5,499,10,2245.5,1404.89,840.61
O00546,C0588,2025-11-28,Beauty,South,4,499,15,1696.6,1177.49,519.11
O00547,C0024,2025-11-24,Home,East,1,2999,25,2249.25,1851.62,397.63
O00548,C0620,2025-11-25,Fashion,South,4,4999,25,14997.0,9984.07,5012.93
O00549,C0111,2025-11-29,Home,North,2,2999,10,5398.2,2443.1,2955.1
O00550,C0068,2025-11-26,Electronics,West,1,4999,25,3749.25,3082.69,666.56
O00551,C0221,2025-11-30,Electronics,West,2,999,15,1698.3,907.19,791.11
O00552,C0713,2025-11-28,Books,South,3,4999,25,11247.75,7097.9,4149.85
O00553,C0615,2025-11-29,Electronics,West,5,999,15,4245.75,2582.57,1663.18
O00554,C0333,2025-11-28,Fashion,East,2,999,30,1398.6,1224.23,174.37
O00555,C0892,2025-11-24,Fashion,North,5,1499,20,5996.0,3665.19,2330.81
O00556,C0319,2025-11-28,Fashion,South,5,2999,10,13495.5,9611.25,3884.25
O00557,C0212,2025-11-28,Beauty,South,4,2999,30,8397.2,6480.22,1916.98
O00558,C0247,2025-11-28,Electronics,North,4,4999,15,16996.6,8725.11,8271.49
O00559,C0373,2025-11-28,Home,West,3,999,25,2247.75,1390.11,857.64
O00560,C0492,2025-11-29,Home,North,4,1499,30,4197.2,3044.06,1153.14
O00561,C0134,2025-11-24,Beauty,South,4,999,25,2997.0,2364.36,632.64
O00562,C0173,2025-11-28,Beauty,West,1,2999,20,2399.2,1458.42,940.78
O00563,C0526,2025-11-26,Electronics,North,4,499,10,1796.4,928.21,868.19
O00564,C0379,2025-11-27,Fashion,North,1,1499,20,1199.2,899.12,300.08
O00565,C0075,2025-11-27,Books,West,3,999,25,2247.75,1866.86,380.89
O00566,C0032,2025-11-30,Fashion,West,1,499,20,399.2,247.84,151.36
O00567,C0410,2025-11-29,Electronics,East,1,499,30,349.3,275.39,73.91
O00568,C0360,2025-11-26,Fashion,West,3,1499,20,3597.6,2224.99,1372.61
O00569,C0262,2025-11-30,Fashion,West,5,999,25,3746.25,2630.56,1115.69
O00570,C0204,2025-11-26,Home,East,4,499,20,1596.8,1201.07,395.73
O00571,C0421,2025-11-30,Beauty,North,3,1499,30,3147.9,2196.98,950.92
O00572,C0095,2025-11-28,Beauty,South,1,999,10,899.1,612.19,286.91
O00573,C0536,2025-11-27,Books,West,2,2999,15,5098.3,3833.41,1264.89
O00574,C0745,2025-11-30,Beauty,South,3,999,10,2697.3,1687.04,1010.26
O00575,C0674,2025-11-30,Electronics,East,4,4999,15,16996.6,10673.26,6323.34
O00576,C0031,2025-11-30,Books,North,4,499,30,1397.2,895.05,502.15
O00577,C0072,2025-11-25,Beauty,East,4,1499,10,5396.4,3213.25,2183.15
O00578,C0644,2025-11-26,Books,East,1,999,20,799.2,603.46,195.74
O00579,C0708,2025-11-27,Fashion,West,2,2999,25,4498.5,2450.07,2048.43
O00580,C0727,2025-11-24,Home,South,5,1499,30,5246.5,3626.43,1620.07
O00581,C0767,2025-11-27,Beauty,East,5,1499,20,5996.0,3532.18,2463.82
O00582,C0770,2025-11-29,Beauty,East,3,999,10,2697.3,1933.79,763.51
O00583,C0513,2025-11-24,Electronics,North,4,999,25,2997.0,1940.85,1056.15
O00584,C0314,2025-11-27,Books,East,4,499,25,1497.0,900.54,596.46
O00585,C0691,2025-11-24,Beauty,South,3,4999,15,12747.45,6877.01,5870.44
O00586,C0750,2025-11-28,Books,West,5,999,15,4245.75,2525.68,1720.07
O00587,C0014,2025-11-27,Books,North,1,499,10,449.1,210.89,238.21
O00588,C0346,2025-11-27,Beauty,North,2,4999,20,7998.4,5589.53,2408.87
O00589,C0797,2025-11-28,Home,East,2,499,20,798.4,617.25,181.15
O00590,C0653,2025-11-30,Fashion,East,1,1499,15,1274.15,834.01,440.14
O00591,C0219,2025-11-27,Fashion,West,3,999,30,2097.9,1350.14,747.76
O00592,C0569,2025-11-24,Fashion,North,3,2999,25,6747.75,4889.37,1858.38
O00593,C0653,2025-11-27,Beauty,North,2,2999,20,4798.4,2966.55,1831.85
O00594,C0747,2025-11-29,Electronics,West,1,1499,30,1049.3,809.6,239.7
O00595,C0739,2025-11-24,Beauty,North,1,4999,30,3499.3,2346.52,1152.78
O00596,C0411,2025-11-26,Home,West,1,2999,10,2699.1,1256.63,1442.47
O00597,C0247,2025-11-24,Books,West,1,499,30,349.3,306.42,42.88
O00598,C0310,2025-11-30,Beauty,South,3,1499,15,3822.45,2621.14,1201.31
O00599,C0190,2025-11-25,Beauty,West,5,4999,20,19996.0,16059.71,3936.29
O00600,C0058,2025-11-27,Books,North,3,4999,25,11247.75,7717.8,3529.95
O00601,C0098,2025-11-25,Electronics,North,2,1499,15,2548.3,1328.55,1219.75
O00602,C0586,2025-11-28,Electronics,West,5,999,15,4245.75,2505.22,1740.53
O00603,C0441,2025-11-26,Fashion,South,4,2999,10,10796.4,5243.46,5552.94
O00604,C0315,2025-11-27,Books,South,5,1499,25,5621.25,3116.38,2504.87
O00605,C0763,2025-11-27,Electronics,North,1,499,10,449.1,223.17,225.93
O00606,C0796,2025-11-24,Books,West,4,499,15,1696.6,1041.62,654.98
O00607,C0511,2025-11-30,Electronics,South,4,4999,15,16996.6,8819.34,8177.26
O00608,C0689,2025-11-29,Beauty,West,3,4999,20,11997.6,8225.36,3772.24
O00609,C0701,2025-11-25,Books,West,3,4999,25,11247.75,9242.77,2004.98
O00610,C0690,2025-11-30,Home,East,3,499,25,1122.75,897.62,225.13
O00611,C0483,2025-11-27,Home,East,4,1499,25,4497.0,2598.11,1898.89
O00612,C0106,2025-11-27,Books,East,1,4999,30,3499.3,2199.76,1299.54
O00613,C0880,2025-11-30,Electronics,South,4,2999,30,8397.2,5848.12,2549.08
O00614,C0063,2025-11-25,Beauty,South,3,1499,15,3822.45,2647.38,1175.07
O00615,C0129,2025-11-30,Beauty,East,4,4999,15,16996.6,8290.08,8706.52
O00616,C0229,2025-11-25,Electronics,North,3,999,20,2397.6,1912.42,485.18
O00617,C0233,2025-11-26,Electronics,West,4,1499,10,5396.4,3496.33,1900.07
O00618,C0279,2025-11-27,Beauty,West,5,1499,15,6370.75,4210.87,2159.88
O00619,C0572,2025-11-25,Beauty,North,3,499,15,1272.45,727.02,545.43
O00620,C0786,2025-11-27,Books,South,1,1499,15,1274.15,749.29,524.86
O00621,C0223,2025-11-26,Fashion,South,2,999,25,1498.5,1016.22,482.28
O00622,C0790,2025-11-28,Fashion,West,5,1499,25,5621.25,3296.56,2324.69
O00623,C0191,2025-11-26,Books,South,2,999,25,1498.5,1135.95,362.55
O00624,C0735,2025-11-27,Electronics,North,1,499,15,424.15,300.64,123.51
O00625,C0213,2025-11-26,Electronics,South,5,4999,20,19996.0,10888.92,9107.08
O00626,C0239,2025-11-30,Fashion,North,4,499,20,1596.8,896.96,699.84
O00627,C0376,2025-11-27,Electronics,South,5,4999,15,21245.75,13330.93,7914.82
O00628,C0013,2025-11-26,Beauty,South,3,2999,30,6297.9,5006.69,1291.21
O00629,C0728,2025-11-29,Home,North,4,499,30,1397.2,1059.76,337.44
O00630,C0554,2025-11-24,Beauty,East,4,2999,30,8397.2,6773.92,1623.28
O00631,C0852,2025-11-29,Fashion,North,3,1499,20,3597.6,2138.83,1458.77
O00632,C0475,2025-11-28,Fashion,West,3,2999,30,6297.9,5379.19,918.71
O00633,C0149,2025-11-29,Beauty,South,3,499,20,1197.6,675.99,521.61
O00634,C0632,2025-11-25,Home,South,5,2999,30,10496.5,7982.29,2514.21
O00635,C0586,2025-11-24,Fashion,West,5,4999,15,21245.75,13970.08,7275.67
O00636,C0694,2025-11-29,Books,South,5,4999,25,18746.25,15707.52,3038.73
O00637,C0169,2025-11-24,Books,East,2,499,20,798.4,404.9,393.5
O00638,C0799,2025-11-24,Electronics,South,5,2999,20,11996.0,8989.01,3006.99
O00639,C0898,2025-11-29,Books,West,3,499,25,1122.75,761.94,360.81
O00640,C0305,2025-11-27,Beauty,West,1,2999,25,2249.25,1366.91,882.34
O00641,C0545,2025-11-27,Fashion,South,1,1499,30,1049.3,815.83,233.47
O00642,C0092,2025-11-29,Electronics,South,5,4999,20,19996.0,14523.09,5472.91
O00643,C0878,2025-11-27,Beauty,South,5,1499,15,6370.75,3579.65,2791.1
O00644,C0778,2025-11-27,Fashion,West,2,499,20,798.4,487.14,311.26
O00645,C0425,2025-11-25,Books,East,3,999,30,2097.9,1705.79,392.11
O00646,C0206,2025-11-28,Books,East,5,1499,30,5246.5,3539.57,1706.93
O00647,C0798,2025-11-29,Home,South,3,1499,25,3372.75,2206.11,1166.64
O00648,C0223,2025-11-24,Electronics,South,1,2999,10,2699.1,1584.63,1114.47
O00649,C0479,2025-11-25,Beauty,West,1,499,15,424.15,291.45,132.7
O00650,C0673,2025-11-30,Beauty,South,2,999,20,1598.4,1166.75,431.65
O00651,C0518,2025-11-27,Home,South,2,999,15,1698.3,941.6,756.7
O00652,C0006,2025-11-30,Electronics,North,5,499,25,1871.25,1414.37,456.88
O00653,C0532,2025-11-27,Beauty,North,1,4999,10,4499.1,2377.48,2121.62
O00654,C0312,2025-11-30,Beauty,South,4,999,15,3396.6,2011.34,1385.26
O00655,C0646,2025-11-26,Electronics,West,4,4999,20,15996.8,11067.97,4928.83
O00656,C0614,2025-11-25,Beauty,North,4,499,30,1397.2,1133.18,264.02
O00657,C0573,2025-11-24,Electronics,East,4,1499,20,4796.8,3355.51,1441.29
O00658,C0429,2025-11-27,Books,East,3,2999,15,7647.45,5208.75,2438.7
O00659,C0240,2025-11-28,Beauty,North,3,2999,15,7647.45,5147.78,2499.67
O00660,C0031,2025-11-29,Home,West,3,999,30,2097.9,1905.63,192.27
O00661,C0454,2025-11-28,Home,West,4,1499,10,5396.4,3227.54,2168.86
O00662,C0772,2025-11-28,Books,South,4,499,30,1397.2,1062.2,335.0
O00663,C0364,2025-11-24,Books,West,4,1499,15,5096.6,3620.52,1476.08
O00664,C0042,2025-11-27,Fashion,East,5,1499,30,5246.5,3399.59,1846.91
O00665,C0882,2025-11-28,Books,West,1,999,15,849.15,410.86,438.29
O00666,C0170,2025-11-26,Fashion,East,3,2999,30,6297.9,5740.76,557.14
O00667,C0610,2025-11-26,Fashion,North,2,1499,20,2398.4,1595.23,803.17
O00668,C0843,2025-11-25,Books,West,2,499,20,798.4,496.22,302.18
O00669,C0215,2025-11-26,Home,West,1,499,30,349.3,267.7,81.6
O00670,C0307,2025-11-28,Electronics,South,5,1499,25,5621.25,3798.4,1822.85
O00671,C0471,2025-11-27,Books,North,4,2999,20,9596.8,6121.85,3474.95
O00672,C0119,2025-11-30,Home,North,1,2999,10,2699.1,1339.25,1359.85
O00673,C0360,2025-11-28,Beauty,North,2,4999,25,7498.5,5745.73,1752.77
O00674,C0310,2025-11-24,Home,South,5,499,10,2245.5,1489.41,756.09
O00675,C0557,2025-11-27,Beauty,North,2,999,20,1598.4,864.65,733.75
O00676,C0768,2025-11-24,Electronics,South,1,999,30,699.3,477.97,221.33
O00677,C0532,2025-11-24,Electronics,North,5,1499,25,5621.25,3359.68,2261.57
O00678,C0877,2025-11-27,Electronics,North,1,999,20,799.2,602.06,197.14
O00679,C0670,2025-11-30,Electronics,East,3,4999,10,13497.3,7441.39,6055.91
O00680,C0411,2025-11-29,Home,North,5,4999,30,17496.5,10722.45,6774.05
O00681,C0688,2025-11-30,Books,South,3,1499,10,4047.3,2445.9,1601.4
O00682,C0514,2025-11-27,Beauty,North,5,2999,30,10496.5,7640.04,2856.46
O00683,C0319,2025-11-28,Fashion,South,4,499,30,1397.2,804.12,593.08
O00684,C0719,2025-11-24,Books,West,2,4999,20,7998.4,4042.37,3956.03
O00685,C0833,2025-11-25,Electronics,South,1,999,30,699.3,454.55,244.75
O00686,C0139,2025-11-24,Books,East,3,4999,20,11997.6,6610.65,5386.95
O00687,C0693,2025-11-24,Beauty,West,1,499,15,424.15,259.23,164.92
O00688,C0159,2025-11-29,Beauty,East,3,4999,30,10497.9,7306.38,3191.52
O00689,C0070,2025-11-29,Fashion,West,5,499,25,1871.25,1247.14,624.11
O00690,C0398,2025-11-28,Home,North,2,499,15,848.3,627.95,220.35
O00691,C0173,2025-11-24,Electronics,West,4,1499,25,4497.0,3408.39,1088.61
O00692,C0125,2025-11-29,Fashion,South,1,499,30,349.3,209.81,139.49
O00693,C0187,2025-11-26,Home,West,5,4999,15,21245.75,11220.67,10025.08
O00694,C0155,2025-11-25,Electronics,East,5,999,10,4495.5,2533.95,1961.55
O00695,C0705,2025-11-28,Books,North,3,4999,25,11247.75,8079.53,3168.22
O00696,C0585,2025-11-30,Beauty,North,1,4999,25,3749.25,2791.02,958.23
O00697,C0092,2025-11-24,Fashion,North,3,1499,10,4047.3,2185.29,1862.01
O00698,C0415,2025-11-30,Home,North,2,2999,10,5398.2,3177.24,2220.96
O00699,C0816,2025-11-30,Beauty,North,5,499,20,1996.0,1157.12,838.88
O00700,C0105,2025-11-26,Electronics,South,5,499,30,1746.5,1309.6,436.9
O00701,C0288,2025-11-28,Home,North,3,2999,30,6297.9,4331.34,1966.56
O00702,C0871,2025-11-29,Home,North,4,499,30,1397.2,1137.77,259.43
O00703,C0408,2025-11-27,Books,South,4,999,25,2997.0,1860.41,1136.59
O00704,C0042,2025-11-27,Home,South,5,4999,20,19996.0,13569.15,6426.85
O00705,C0682,2025-11-28,Electronics,East,5,1499,10,6745.5,3569.59,3175.91
O00706,C0667,2025-11-27,Beauty,South,5,1499,25,5621.25,4740.42,880.83
O00707,C0416,2025-11-30,Beauty,North,3,999,30,2097.9,1414.33,683.57
O00708,C0401,2025-11-30,Home,West,5,1499,15,6370.75,3082.12,3288.63
O00709,C0301,2025-11-29,Beauty,East,2,4999,25,7498.5,4307.8,3190.7
O00710,C0703,2025-11-27,Fashion,West,5,499,15,2120.75,1600.6,520.15
O00711,C0397,2025-11-25,Books,West,4,499,10,1796.4,1176.92,619.48
O00712,C0535,2025-11-25,Home,West,4,499,15,1696.6,952.31,744.29
O00713,C0048,2025-11-24,Beauty,East,5,4999,25,18746.25,13016.88,5729.37
O00714,C0842,2025-11-29,Home,North,4,999,25,2997.0,2343.67,653.33
O00715,C0510,2025-11-25,Fashion,North,2,499,20,798.4,604.25,194.15
O00716,C0208,2025-11-26,Fashion,East,2,1499,15,2548.3,1404.2,1144.1
O00717,C0764,2025-11-30,Books,East,4,499,10,1796.4,1058.38,738.02
O00718,C0111,2025-11-26,Electronics,East,5,2999,10,13495.5,7694.74,5800.76
O00719,C0234,2025-11-26,Fashion,North,2,499,20,798.4,625.79,172.61
O00720,C0424,2025-11-24,Home,South,2,499,30,698.6,467.11,231.49
O00721,C0744,2025-11-29,Electronics,North,3,999,15,2547.45,1310.76,1236.69
O00722,C0593,2025-11-26,Home,South,5,499,15,2120.75,1572.7,548.05
O00723,C0032,2025-11-30,Books,West,1,1499,10,1349.1,704.92,644.18
O00724,C0820,2025-11-30,Fashion,West,5,999,20,3996.0,2865.47,1130.53
O00725,C0895,2025-11-26,Electronics,South,4,4999,30,13997.2,8753.9,5243.3
O00726,C0151,2025-11-25,Electronics,South,1,499,25,374.25,315.69,58.56
O00727,C0764,2025-11-28,Electronics,North,4,4999,30,13997.2,12325.0,1672.2
O00728,C0883,2025-11-26,Fashion,West,1,499,30,349.3,247.36,101.94
O00729,C0773,2025-11-30,Beauty,South,3,2999,30,6297.9,5336.02,961.88
O00730,C0290,2025-11-30,Home,South,3,1499,30,3147.9,2331.1,816.8
O00731,C0546,2025-11-25,Fashion,West,4,999,20,3196.8,2100.17,1096.63
O00732,C0191,2025-11-25,Home,South,2,1499,20,2398.4,1420.62,977.78
O00733,C0540,2025-11-29,Books,South,3,499,10,1347.3,935.26,412.04
O00734,C0256,2025-11-26,Home,East,5,499,20,1996.0,1026.73,969.27
O00735,C0484,2025-11-25,Electronics,East,2,4999,30,6998.6,4465.83,2532.77
O00736,C0388,2025-11-29,Electronics,South,4,2999,25,8997.0,6103.41,2893.59
O00737,C0724,2025-11-29,Books,West,5,4999,25,18746.25,11867.8,6878.45
O00738,C0321,2025-11-25,Electronics,South,1,999,10,899.1,555.89,343.21
O00739,C0106,2025-11-26,Fashion,West,4,4999,20,15996.8,11018.68,4978.12
O00740,C0303,2025-11-29,Electronics,East,2,499,10,898.2,519.15,379.05
O00741,C0125,2025-11-24,Beauty,North,3,999,10,2697.3,1675.0,1022.3
O00742,C0808,2025-11-30,Books,West,3,1499,20,3597.6,1958.82,1638.78
O00743,C0210,2025-11-25,Electronics,West,3,1499,25,3372.75,2149.44,1223.31
O00744,C0839,2025-11-25,Home,West,1,499,20,399.2,227.89,171.31
O00745,C0479,2025-11-24,Electronics,North,2,4999,25,7498.5,6103.78,1394.72
O00746,C0309,2025-11-28,Books,West,1,999,20,799.2,456.12,343.08
O00747,C0735,2025-11-27,Electronics,North,3,4999,20,11997.6,9049.65,2947.95
O00748,C0728,2025-11-30,Fashion,North,4,4999,25,14997.0,8266.78,6730.22
O00749,C0622,2025-11-26,Fashion,West,3,4999,30,10497.9,6574.11,3923.79
O00750,C0296,2025-11-28,Electronics,South,4,999,30,2797.2,1725.84,1071.36
O00751,C0235,2025-11-30,Books,East,2,499,15,848.3,440.96,407.34
O00752,C0450,2025-11-24,Home,West,3,4999,10,13497.3,9483.27,4014.03
O00753,C0900,2025-11-29,Books,South,2,499,20,798.4,581.79,216.61
O00754,C0483,2025-11-29,Beauty,East,4,4999,25,14997.0,9546.36,5450.64
O00755,C0395,2025-11-27,Home,West,1,2999,10,2699.1,1365.43,1333.67
O00756,C0735,2025-11-25,Fashion,South,1,499,25,374.25,246.71,127.54
O00757,C0595,2025-11-30,Fashion,West,1,999,30,699.3,431.33,267.97
O00758,C0268,2025-11-30,Beauty,South,5,999,25,3746.25,2691.8,1054.45
O00759,C0203,2025-11-30,Electronics,East,4,1499,15,5096.6,3295.85,1800.75
O00760,C0679,2025-11-30,Electronics,West,3,4999,25,11247.75,8135.57,3112.18
O00761,C0557,2025-11-26,Fashion,North,4,2999,10,10796.4,7459.85,3336.55
O00762,C0271,2025-11-25,Home,East,2,999,20,1598.4,1125.59,472.81
O00763,C0534,2025-11-29,Home,West,5,4999,10,22495.5,10700.77,11794.73
O00764,C0186,2025-11-24,Electronics,West,3,499,15,1272.45,960.65,311.8
O00765,C0486,2025-11-30,Electronics,East,2,2999,30,4198.6,3422.17,776.43
O00766,C0542,2025-11-24,Electronics,West,5,999,25,3746.25,2313.21,1433.04
O00767,C0756,2025-11-30,Books,East,3,4999,20,11997.6,9469.54,2528.06
O00768,C0253,2025-11-27,Books,South,5,1499,15,6370.75,3135.25,3235.5
O00769,C0706,2025-11-27,Home,West,1,999,25,749.25,447.91,301.34
O00770,C0533,2025-11-27,Beauty,West,2,2999,25,4498.5,3090.79,1407.71
O00771,C0573,2025-11-27,Electronics,South,3,4999,15,12747.45,7351.83,5395.62
O00772,C0610,2025-11-24,Books,East,3,499,25,1122.75,694.92,427.83
O00773,C0669,2025-11-28,Home,South,2,4999,10,8998.2,6398.55,2599.65
O00774,C0623,2025-11-28,Electronics,West,4,2999,15,10196.6,5374.17,4822.43
O00775,C0034,2025-11-24,Electronics,North,4,499,20,1596.8,1230.48,366.32
O00776,C0539,2025-11-24,Home,East,2,4999,10,8998.2,4834.81,4163.39
O00777,C0512,2025-11-28,Fashion,North,2,999,25,1498.5,1284.62,213.88
O00778,C0003,2025-11-30,Books,West,3,4999,30,10497.9,6046.66,4451.24
O00779,C0721,2025-11-28,Electronics,East,1,2999,20,2399.2,1818.53,580.67
O00780,C0493,2025-11-25,Books,North,5,4999,10,22495.5,12138.99,10356.51
O00781,C0391,2025-11-27,Fashion,West,4,2999,30,8397.2,7613.28,783.92
O00782,C0404,2025-11-24,Electronics,South,4,999,10,3596.4,2181.85,1414.55
O00783,C0230,2025-11-29,Fashion,North,2,2999,15,5098.3,3047.51,2050.79
O00784,C0450,2025-11-25,Home,East,3,4999,25,11247.75,8126.93,3120.82
O00785,C0771,2025-11-29,Home,East,5,2999,10,13495.5,8489.32,5006.18
O00786,C0898,2025-11-27,Beauty,North,4,4999,15,16996.6,8783.02,8213.58
O00787,C0634,2025-11-24,Beauty,West,1,499,20,399.2,238.05,161.15
O00788,C0601,2025-11-27,Books,East,2,999,25,1498.5,801.5,697.0
O00789,C0889,2025-11-29,Books,West,4,4999,30,13997.2,11437.01,2560.19
O00790,C0620,2025-11-27,Fashion,East,1,499,30,349.3,242.39,106.91
O00791,C0838,2025-11-30,Books,East,5,2999,25,11246.25,9229.39,2016.86
O00792,C0509,2025-11-24,Fashion,West,2,999,25,1498.5,935.97,562.53
O00793,C0505,2025-11-29,Beauty,East,2,999,25,1498.5,996.81,501.69
O00794,C0531,2025-11-27,Beauty,West,5,2999,20,11996.0,8754.65,3241.35
O00795,C0454,2025-11-29,Electronics,East,5,1499,30,5246.5,4184.11,1062.39
O00796,C0259,2025-11-30,Home,North,3,999,20,2397.6,1838.41,559.19
O00797,C0248,2025-11-27,Beauty,South,2,1499,10,2698.2,1779.8,918.4
O00798,C0696,2025-11-30,Books,West,5,499,30,1746.5,1450.2,296.3
O00799,C0899,2025-11-24,Fashion,West,3,999,30,2097.9,1392.63,705.27
O00800,C0034,2025-11-30,Beauty,North,3,1499,30,3147.9,2773.41,374.49
O00801,C0747,2025-11-28,Home,West,3,999,30,2097.9,1360.57,737.33
O00802,C0124,2025-11-25,Beauty,West,5,999,15,4245.75,2899.12,1346.63
O00803,C0284,2025-11-30,Electronics,West,3,4999,10,13497.3,8610.63,4886.67
O00804,C0823,2025-11-26,Electronics,East,2,2999,15,5098.3,2482.22,2616.08
O00805,C0724,2025-11-26,Electronics,East,1,2999,15,2549.15,1332.06,1217.09
O00806,C0529,2025-11-25,Books,West,1,499,15,424.15,250.45,173.7
O00807,C0299,2025-11-27,Beauty,East,5,2999,15,12745.75,6755.59,5990.16
O00808,C0764,2025-11-24,Fashion,South,4,1499,25,4497.0,3693.19,803.81
O00809,C0585,2025-11-28,Beauty,East,2,2999,15,5098.3,3632.14,1466.16
O00810,C0055,2025-11-29,Books,East,1,1499,30,1049.3,654.55,394.75
O00811,C0644,2025-11-27,Beauty,North,1,499,10,449.1,202.24,246.86
O00812,C0611,2025-11-26,Electronics,West,4,4999,10,17996.4,11408.03,6588.37
O00813,C0473,2025-11-27,Books,West,3,4999,20,11997.6,8217.98,3779.62
O00814,C0884,2025-11-30,Electronics,West,2,4999,15,8498.3,6488.31,2009.99
O00815,C0330,2025-11-27,Home,East,1,1499,20,1199.2,680.16,519.04
O00816,C0350,2025-11-24,Home,South,4,4999,30,13997.2,9050.06,4947.14
O00817,C0030,2025-11-29,Beauty,West,4,499,15,1696.6,1177.9,518.7
O00818,C0088,2025-11-29,Books,North,3,2999,25,6747.75,3734.8,3012.95
O00819,C0737,2025-11-27,Electronics,South,2,4999,15,8498.3,4596.97,3901.33
O00820,C0473,2025-11-26,Home,East,5,499,15,2120.75,1115.02,1005.73
O00821,C0513,2025-11-27,Electronics,East,1,999,15,849.15,524.03,325.12
O00822,C0777,2025-11-24,Beauty,East,5,499,25,1871.25,1359.01,512.24
O00823,C0508,2025-11-24,Beauty,South,1,499,25,374.25,232.95,141.3
O00824,C0276,2025-11-28,Fashion,North,5,1499,25,5621.25,3992.79,1628.46
O00825,C0360,2025-11-27,Fashion,West,2,1499,30,2098.6,1829.85,268.75
O00826,C0899,2025-11-26,Books,South,3,1499,10,4047.3,2774.62,1272.68
O00827,C0011,2025-11-25,Electronics,West,4,999,30,2797.2,1656.1,1141.1
O00828,C0805,2025-11-27,Home,South,5,4999,15,21245.75,14946.14,6299.61
O00829,C0334,2025-11-29,Books,East,1,2999,25,2249.25,1757.57,491.68
O00830,C0675,2025-11-28,Home,South,3,1499,10,4047.3,2418.07,1629.23
O00831,C0035,2025-11-27,Home,West,1,999,15,849.15,642.29,206.86
O00832,C0640,2025-11-30,Electronics,North,1,1499,15,1274.15,758.24,515.91
O00833,C0665,2025-11-24,Fashion,West,3,999,15,2547.45,1823.23,724.22
O00834,C0615,2025-11-30,Fashion,South,4,999,15,3396.6,1619.71,1776.89
O00835,C0004,2025-11-25,Electronics,West,3,2999,20,7197.6,4194.26,3003.34
O00836,C0282,2025-11-30,Electronics,South,5,4999,10,22495.5,15017.28,7478.22
O00837,C0150,2025-11-30,Books,East,4,999,15,3396.6,1624.13,1772.47
O00838,C0335,2025-11-24,Electronics,East,2,499,30,698.6,642.81,55.79
O00839,C0545,2025-11-25,Electronics,West,2,999,10,1798.2,1131.02,667.18
O00840,C0896,2025-11-24,Electronics,South,5,999,10,4495.5,2373.82,2121.68
O00841,C0726,2025-11-27,Fashion,East,1,1499,20,1199.2,798.47,400.73
O00842,C0210,2025-11-28,Books,South,4,2999,30,8397.2,6139.17,2258.03
O00843,C0850,2025-11-24,Home,North,3,1499,20,3597.6,2064.91,1532.69
O00844,C0695,2025-11-25,Books,South,5,999,25,3746.25,2179.49,1566.76
O00845,C0889,2025-11-24,Books,East,4,1499,15,5096.6,3278.14,1818.46
O00846,C0703,2025-11-27,Books,North,2,1499,20,2398.4,1683.77,714.63
O00847,C0055,2025-11-28,Electronics,West,3,1499,30,3147.9,1844.92,1302.98
O00848,C0514,2025-11-27,Beauty,North,5,1499,20,5996.0,3488.55,2507.45
O00849,C0289,2025-11-28,Electronics,East,3,499,20,1197.6,790.6,407.0
O00850,C0262,2025-11-26,Beauty,East,1,4999,30,3499.3,2169.85,1329.45
O00851,C0872,2025-11-27,Books,East,1,999,20,799.2,406.28,392.92
O00852,C0793,2025-11-25,Home,East,3,1499,30,3147.9,2583.27,564.63
O00853,C0520,2025-11-30,Fashion,South,5,4999,10,22495.5,15364.44,7131.06
O00854,C0787,2025-11-30,Beauty,West,4,2999,20,9596.8,5698.18,3898.62
O00855,C0185,2025-11-26,Home,North,4,1499,20,4796.8,3259.46,1537.34
O00856,C0872,2025-11-26,Books,South,2,999,30,1398.6,1022.66,375.94
O00857,C0018,2025-11-27,Electronics,East,4,4999,25,14997.0,11076.26,3920.74
O00858,C0561,2025-11-30,Home,West,3,1499,30,3147.9,2904.24,243.66
O00859,C0136,2025-11-25,Books,East,4,1499,10,5396.4,3052.53,2343.87
O00860,C0373,2025-11-28,Fashion,East,4,2999,10,10796.4,5260.36,5536.04
O00861,C0270,2025-11-28,Electronics,West,1,999,25,749.25,507.22,242.03
O00862,C0157,2025-11-27,Fashion,West,3,499,15,1272.45,939.84,332.61
O00863,C0290,2025-11-30,Home,North,4,1499,15,5096.6,3605.5,1491.1
O00864,C0653,2025-11-30,Electronics,North,2,1499,10,2698.2,1571.28,1126.92
O00865,C0247,2025-11-30,Home,East,3,1499,20,3597.6,2176.99,1420.61
O00866,C0373,2025-11-27,Fashion,North,3,4999,20,11997.6,9327.12,2670.48
O00867,C0814,2025-11-29,Beauty,West,4,4999,15,16996.6,9015.88,7980.72
O00868,C0802,2025-11-28,Home,North,4,4999,10,17996.4,10800.29,7196.11
O00869,C0428,2025-11-30,Electronics,East,3,4999,10,13497.3,6111.16,7386.14
O00870,C0338,2025-11-29,Beauty,East,2,499,25,748.5,421.35,327.15
O00871,C0238,2025-11-25,Beauty,West,2,499,30,698.6,513.17,185.43
O00872,C0685,2025-11-29,Beauty,North,1,4999,15,4249.15,3087.31,1161.84
O00873,C0560,2025-11-26,Electronics,North,5,4999,30,17496.5,16142.55,1353.95
O00874,C0566,2025-11-25,Books,North,1,1499,20,1199.2,895.67,303.53
O00875,C0178,2025-11-24,Fashion,West,1,499,20,399.2,304.54,94.66
O00876,C0195,2025-11-29,Fashion,South,3,499,10,1347.3,827.5,519.8
O00877,C0044,2025-11-25,Electronics,South,5,2999,15,12745.75,7871.53,4874.22
O00878,C0671,2025-11-24,Books,South,5,4999,25,18746.25,13239.6,5506.65
O00879,C0461,2025-11-28,Electronics,West,5,1499,20,5996.0,4782.92,1213.08
O00880,C0280,2025-11-30,Fashion,North,4,2999,25,8997.0,5543.55,3453.45
O00881,C0095,2025-11-25,Home,South,5,999,20,3996.0,2637.99,1358.01
O00882,C0153,2025-11-29,Beauty,East,4,2999,20,9596.8,6240.12,3356.68
O00883,C0573,2025-11-25,Fashion,West,3,499,20,1197.6,772.12,425.48
O00884,C0609,2025-11-30,Home,North,5,2999,25,11246.25,6896.27,4349.98
O00885,C0310,2025-11-26,Books,South,5,2999,25,11246.25,9089.93,2156.32
O00886,C0091,2025-11-26,Home,West,3,2999,30,6297.9,4601.66,1696.24
O00887,C0343,2025-11-25,Electronics,East,5,999,30,3496.5,2767.98,728.52
O00888,C0148,2025-11-25,Books,East,3,2999,25,6747.75,4298.21,2449.54
O00889,C0598,2025-11-30,Electronics,West,1,999,25,749.25,597.46,151.79
O00890,C0684,2025-11-30,Books,North,3,4999,25,11247.75,7462.78,3784.97
O00891,C0591,2025-11-30,Fashion,South,1,4999,15,4249.15,3049.12,1200.03
O00892,C0141,2025-11-25,Electronics,South,2,1499,25,2248.5,1619.06,629.44
O00893,C0572,2025-11-30,Home,North,4,999,15,3396.6,2083.88,1312.72
O00894,C0504,2025-11-26,Books,East,4,499,15,1696.6,1055.23,641.37
O00895,C0272,2025-11-30,Home,East,4,4999,15,16996.6,8255.64,8740.96
O00896,C0461,2025-11-29,Beauty,East,5,2999,20,11996.0,8531.33,3464.67
O00897,C0003,2025-11-24,Home,East,4,4999,25,14997.0,10805.95,4191.05
O00898,C0491,2025-11-29,Beauty,East,1,999,25,749.25,558.74,190.51
O00899,C0425,2025-11-25,Fashion,West,3,4999,20,11997.6,6804.27,5193.33
O00900,C0445,2025-11-26,Fashion,East,1,1499,25,1124.25,639.84,484.41
O00901,C0155,2025-11-24,Books,West,3,999,10,2697.3,1244.84,1452.46
O00902,C0887,2025-11-26,Fashion,North,4,1499,25,4497.0,3470.72,1026.28
O00903,C0095,2025-11-28,Books,East,2,1499,10,2698.2,1672.56,1025.64
O00904,C0104,2025-11-25,Fashion,East,1,1499,25,1124.25,739.78,384.47
O00905,C0641,2025-11-26,Fashion,South,5,1499,10,6745.5,4016.24,2729.26
O00906,C0488,2025-11-27,Beauty,South,2,4999,30,6998.6,6168.84,829.76
O00907,C0049,2025-11-30,Home,South,2,2999,30,4198.6,3436.61,761.99
O00908,C0412,2025-11-24,Books,North,2,999,30,1398.6,847.05,551.55
O00909,C0130,2025-11-28,Electronics,East,4,499,10,1796.4,979.85,816.55
O00910,C0786,2025-11-27,Home,North,3,2999,20,7197.6,4904.22,2293.38
O00911,C0185,2025-11-26,Books,West,3,999,25,2247.75,1212.99,1034.76
O00912,C0516,2025-11-30,Fashion,North,1,499,20,399.2,226.49,172.71
O00913,C0760,2025-11-29,Home,North,3,499,25,1122.75,778.12,344.63
O00914,C0610,2025-11-30,Fashion,South,2,499,25,748.5,418.36,330.14
O00915,C0295,2025-11-26,Fashion,West,1,2999,30,2099.3,1640.21,459.09
O00916,C0855,2025-11-25,Electronics,East,1,1499,25,1124.25,689.24,435.01
O00917,C0289,2025-11-25,Electronics,South,2,499,30,698.6,430.7,267.9
O00918,C0877,2025-11-24,Fashion,South,4,2999,25,8997.0,5852.22,3144.78
O00919,C0365,2025-11-26,Books,North,2,2999,10,5398.2,3755.24,1642.96
O00920,C0340,2025-11-26,Fashion,West,4,999,20,3196.8,2051.64,1145.16
O00921,C0415,2025-11-29,Beauty,North,4,999,10,3596.4,2272.18,1324.22
O00922,C0008,2025-11-26,Beauty,West,2,2999,20,4798.4,2568.25,2230.15
O00923,C0474,2025-11-24,Electronics,South,1,2999,30,2099.3,1201.65,897.65
O00924,C0465,2025-11-30,Books,South,1,4999,10,4499.1,3061.13,1437.97
O00925,C0193,2025-11-28,Fashion,South,2,999,20,1598.4,1198.52,399.88
O00926,C0752,2025-11-28,Home,North,1,1499,20,1199.2,798.11,401.09
O00927,C0453,2025-11-28,Home,South,4,1499,25,4497.0,3624.13,872.87
O00928,C0152,2025-11-26,Fashion,West,2,499,30,698.6,455.89,242.71
O00929,C0644,2025-11-29,Home,North,3,2999,30,6297.9,5362.48,935.42
O00930,C0312,2025-11-24,Electronics,East,5,499,15,2120.75,1447.56,673.19
O00931,C0324,2025-11-24,Electronics,South,3,4999,30,10497.9,6121.69,4376.21
O00932,C0741,2025-11-25,Fashion,West,2,1499,25,2248.5,1779.83,468.67
O00933,C0726,2025-11-30,Home,East,2,999,10,1798.2,956.9,841.3
O00934,C0840,2025-11-28,Home,North,2,2999,10,5398.2,2403.55,2994.65
O00935,C0460,2025-11-24,Fashion,North,4,1499,15,5096.6,3074.2,2022.4
O00936,C0114,2025-11-30,Fashion,East,4,499,20,1596.8,1018.38,578.42
O00937,C0855,2025-11-30,Fashion,South,5,999,30,3496.5,3120.03,376.47
O00938,C0861,2025-11-30,Books,East,5,2999,10,13495.5,7681.49,5814.01
O00939,C0620,2025-11-27,Home,North,4,4999,10,17996.4,10268.01,7728.39
O00940,C0758,2025-11-25,Books,South,3,4999,10,13497.3,7849.36,5647.94
O00941,C0739,2025-11-26,Books,North,1,499,10,449.1,285.13,163.97
O00942,C0735,2025-11-29,Electronics,West,4,4999,30,13997.2,8944.23,5052.97
O00943,C0512,2025-11-24,Books,East,5,999,25,3746.25,2357.04,1389.21
O00944,C0735,2025-11-30,Home,East,3,499,25,1122.75,729.93,392.82
O00945,C0862,2025-11-26,Beauty,North,2,1499,30,2098.6,1351.07,747.53
O00946,C0268,2025-11-27,Fashion,North,4,2999,20,9596.8,4818.51,4778.29
O00947,C0669,2025-11-29,Fashion,West,4,4999,20,15996.8,10124.87,5871.93
O00948,C0779,2025-11-25,Beauty,North,1,4999,15,4249.15,2512.83,1736.32
O00949,C0886,2025-11-24,Electronics,North,1,4999,25,3749.25,2640.14,1109.11
O00950,C0602,2025-11-29,Electronics,East,5,999,25,3746.25,3045.0,701.25
O00951,C0479,2025-11-24,Electronics,South,5,499,30,1746.5,1039.94,706.56
O00952,C0541,2025-11-24,Home,West,2,2999,25,4498.5,3399.02,1099.48
O00953,C0087,2025-11-26,Books,West,4,2999,25,8997.0,7152.3,1844.7
O00954,C0103,2025-11-24,Books,East,2,2999,30,4198.6,2593.3,1605.3
O00955,C0029,2025-11-27,Beauty,South,4,4999,25,14997.0,9527.64,5469.36
O00956,C0818,2025-11-28,Electronics,South,3,4999,20,11997.6,7462.3,4535.3
O00957,C0865,2025-11-24,Fashion,East,2,499,20,798.4,615.1,183.3
O00958,C0679,2025-11-27,Home,South,4,999,30,2797.2,2531.22,265.98
O00959,C0109,2025-11-27,Beauty,East,3,499,10,1347.3,784.42,562.88
O00960,C0555,2025-11-24,Books,South,5,2999,25,11246.25,6707.03,4539.22
O00961,C0461,2025-11-26,Beauty,West,1,2999,25,2249.25,1396.14,853.11
O00962,C0629,2025-11-28,Home,East,5,999,20,3996.0,3076.07,919.93
O00963,C0619,2025-11-28,Books,West,2,4999,15,8498.3,4931.12,3567.18
O00964,C0037,2025-11-30,Electronics,South,1,999,20,799.2,435.71,363.49
O00965,C0592,2025-11-24,Fashion,West,1,2999,20,2399.2,1518.83,880.37
O00966,C0431,2025-11-28,Books,South,4,499,30,1397.2,842.83,554.37
O00967,C0218,2025-11-29,Electronics,South,2,1499,15,2548.3,1707.54,840.76
O00968,C0329,2025-11-29,Beauty,South,5,2999,30,10496.5,6810.54,3685.96
O00969,C0338,2025-11-30,Home,South,5,2999,20,11996.0,6868.25,5127.75
O00970,C0692,2025-11-26,Books,West,4,999,10,3596.4,1734.02,1862.38
O00971,C0191,2025-11-28,Fashion,West,3,2999,30,6297.9,3877.46,2420.44
O00972,C0378,2025-11-24,Beauty,South,5,4999,15,21245.75,11812.53,9433.22
O00973,C0227,2025-11-24,Beauty,West,5,999,15,4245.75,2169.63,2076.12
O00974,C0009,2025-11-30,Fashion,East,5,2999,20,11996.0,9393.11,2602.89
O00975,C0494,2025-11-29,Beauty,West,4,1499,10,5396.4,2872.48,2523.92
O00976,C0076,2025-11-25,Home,South,5,499,25,1871.25,1185.53,685.72
O00977,C0515,2025-11-29,Electronics,North,3,1499,15,3822.45,2192.0,1630.45
O00978,C0602,2025-11-25,Beauty,South,3,2999,20,7197.6,3670.01,3527.59
O00979,C0751,2025-11-30,Fashion,West,1,4999,20,3999.2,2643.93,1355.27
O00980,C0428,2025-11-25,Books,East,5,1499,25,5621.25,4204.04,1417.21
O00981,C0549,2025-11-27,Beauty,North,2,999,30,1398.6,849.36,549.24
O00982,C0410,2025-11-28,Home,South,5,4999,20,19996.0,12025.8,7970.2
O00983,C0062,2025-11-30,Electronics,North,5,1499,20,5996.0,4500.5,1495.5
O00984,C0608,2025-11-27,Home,South,3,999,25,2247.75,1782.86,464.89
O00985,C0002,2025-11-24,Books,North,3,1499,30,3147.9,1967.72,1180.18
O00986,C0638,2025-11-29,Electronics,South,5,4999,30,17496.5,12595.35,4901.15
O00987,C0329,2025-11-25,Books,East,2,4999,15,8498.3,4923.29,3575.01
O00988,C0734,2025-11-27,Electronics,South,5,499,10,2245.5,1053.61,1191.89
O00989,C0659,2025-11-24,Beauty,East,3,2999,20,7197.6,4488.65,2708.95
O00990,C0343,2025-11-26,Home,West,2,2999,15,5098.3,2851.88,2246.42
O00991,C0851,2025-11-25,Home,East,2,499,15,848.3,639.1,209.2
O00992,C0256,2025-11-28,Home,North,4,4999,15,16996.6,8718.69,8277.91
O00993,C0303,2025-11-25,Home,West,4,499,25,1497.0,921.21,575.79
O00994,C0854,2025-11-26,Beauty,North,4,499,30,1397.2,1260.43,136.77
O00995,C0256,2025-11-28,Books,North,1,2999,10,2699.1,1796.48,902.62
O00996,C0367,2025-11-24,Beauty,South,1,2999,30,2099.3,1945.76,153.54
O00997,C0781,2025-11-29,Electronics,South,3,999,10,2697.3,1393.42,1303.88
O00998,C0110,2025-11-27,Home,West,1,999,15,849.15,472.29,376.86
O00999,C0622,2025-11-26,Beauty,East,1,2999,30,2099.3,1230.79,868.51
O01000,C0197,2025-11-25,Fashion,West,1,4999,20,3999.2,2336.8,1662.4
O01001,C0349,2025-11-28,Electronics,East,4,1499,10,5396.4,2608.98,2787.42
O01002,C0663,2025-11-28,Electronics,East,4,1499,30,4197.2,2573.14,1624.06
O01003,C0721,2025-11-26,Fashion,East,4,4999,15,16996.6,10826.93,6169.67
O01004,C0599,2025-11-30,Electronics,North,5,999,15,4245.75,2104.95,2140.8
O01005,C0623,2025-11-26,Books,North,3,999,30,2097.9,1635.54,462.36
O01006,C0087,2025-11-25,Books,East,3,499,20,1197.6,601.36,596.24
O01007,C0124,2025-11-26,Fashion,West,4,4999,30,13997.2,8946.02,5051.18
O01008,C0849,2025-11-25,Electronics,North,3,999,10,2697.3,1877.44,819.86
O01009,C0635,2025-11-28,Home,East,4,1499,10,5396.4,2626.47,2769.93
O01010,C0534,2025-11-27,Beauty,East,4,4999,30,13997.2,10565.34,3431.86
O01011,C0556,2025-11-25,Beauty,South,5,1499,30,5246.5,3136.85,2109.65
O01012,C0469,2025-11-29,Home,North,5,499,15,2120.75,1410.97,709.78
O01013,C0591,2025-11-24,Home,South,4,1499,20,4796.8,3438.48,1358.32
O01014,C0098,2025-11-24,Fashion,North,2,499,30,698.6,562.53,136.07
O01015,C0368,2025-11-27,Books,South,5,1499,15,6370.75,3405.97,2964.78
O01016,C0733,2025-11-24,Fashion,South,2,1499,15,2548.3,1606.29,942.01
O01017,C0489,2025-11-30,Electronics,South,3,2999,15,7647.45,5719.1,1928.35
O01018,C0856,2025-11-30,Home,South,2,499,15,848.3,477.33,370.97
O01019,C0041,2025-11-30,Beauty,West,2,4999,25,7498.5,5101.51,2396.99
O01020,C0634,2025-11-29,Fashion,West,4,499,20,1596.8,1184.01,412.79
O01021,C0553,2025-11-29,Beauty,West,4,2999,25,8997.0,5705.25,3291.75
O01022,C0347,2025-11-25,Home,North,2,499,10,898.2,511.18,387.02
O01023,C0811,2025-11-26,Electronics,North,1,999,15,849.15,574.16,274.99
O01024,C0474,2025-11-30,Fashion,East,5,2999,15,12745.75,7061.36,5684.39
O01025,C0067,2025-11-27,Books,South,3,999,25,2247.75,1458.31,789.44
O01026,C0445,2025-11-30,Fashion,East,5,999,25,3746.25,3244.36,501.89
O01027,C0825,2025-11-28,Fashion,South,2,999,30,1398.6,1127.65,270.95
O01028,C0471,2025-11-28,Beauty,North,4,999,15,3396.6,2374.69,1021.91
O01029,C0898,2025-11-25,Home,West,4,499,20,1596.8,888.54,708.26
O01030,C0377,2025-11-28,Fashion,North,2,499,30,698.6,552.44,146.16
O01031,C0691,2025-11-24,Fashion,East,1,2999,30,2099.3,1644.33,454.97
O01032,C0355,2025-11-24,Beauty,North,2,1499,25,2248.5,1738.78,509.72
O01033,C0572,2025-11-28,Home,East,4,2999,20,9596.8,4816.78,4780.02
O01034,C0410,2025-11-25,Home,West,5,4999,30,17496.5,14949.31,2547.19
O01035,C0425,2025-11-25,Electronics,South,4,4999,25,14997.0,11519.44,3477.56
O01036,C0368,2025-11-24,Books,East,5,499,20,1996.0,1566.83,429.17
O01037,C0176,2025-11-25,Home,East,5,1499,20,5996.0,3518.72,2477.28
O01038,C0845,2025-11-25,Electronics,East,3,499,15,1272.45,904.61,367.84
O01039,C0596,2025-11-27,Fashion,East,5,499,20,1996.0,1181.47,814.53
O01040,C0510,2025-11-26,Home,North,1,499,10,449.1,274.03,175.07
O01041,C0365,2025-11-29,Books,North,2,2999,15,5098.3,3001.85,2096.45
O01042,C0244,2025-11-27,Fashion,South,3,499,20,1197.6,623.08,574.52
O01043,C0719,2025-11-27,Books,West,2,1499,15,2548.3,1513.85,1034.45
O01044,C0846,2025-11-28,Electronics,South,1,999,15,849.15,453.67,395.48
O01045,C0812,2025-11-30,Books,South,5,499,25,1871.25,1037.38,833.87
O01046,C0873,2025-11-29,Home,South,3,1499,25,3372.75,2632.68,740.07
O01047,C0325,2025-11-28,Beauty,South,1,499,15,424.15,254.64,169.51
O01048,C0621,2025-11-30,Fashion,South,4,999,10,3596.4,1685.99,1910.41
O01049,C0166,2025-11-25,Electronics,West,1,499,30,349.3,262.46,86.84
O01050,C0027,2025-11-24,Fashion,North,3,4999,20,11997.6,8523.29,3474.31
O01051,C0305,2025-11-28,Home,North,5,499,15,2120.75,1437.73,683.02
O01052,C0157,2025-11-26,Electronics,East,1,499,15,424.15,208.05,216.1
O01053,C0138,2025-11-28,Home,West,1,4999,10,4499.1,2559.16,1939.94
O01054,C0457,2025-11-29,Fashion,South,1,2999,30,2099.3,1552.42,546.88
O01055,C0490,2025-11-30,Electronics,South,1,1499,30,1049.3,826.92,222.38
O01056,C0319,2025-11-29,Beauty,East,2,499,20,798.4,446.03,352.37
O01057,C0107,2025-11-24,Beauty,East,2,999,20,1598.4,951.76,646.64
O01058,C0405,2025-11-24,Electronics,North,1,499,10,449.1,236.31,212.79
O01059,C0345,2025-11-26,Home,West,3,499,15,1272.45,644.44,628.01
O01060,C0484,2025-11-30,Fashion,South,5,1499,15,6370.75,3086.68,3284.07
O01061,C0882,2025-11-29,Beauty,South,2,4999,20,7998.4,5057.15,2941.25
O01062,C0079,2025-11-29,Books,West,1,2999,25,2249.25,1795.58,453.67
O01063,C0754,2025-11-27,Home,North,5,2999,25,11246.25,7585.67,3660.58
O01064,C0079,2025-11-25,Fashion,North,2,4999,25,7498.5,5160.77,2337.73
O01065,C0659,2025-11-29,Fashion,North,5,4999,15,21245.75,13839.26,7406.49
O01066,C0282,2025-11-26,Electronics,East,3,4999,25,11247.75,6841.72,4406.03
O01067,C0523,2025-11-30,Electronics,West,3,1499,30,3147.9,2259.62,888.28
O01068,C0703,2025-11-24,Beauty,West,2,1499,10,2698.2,1602.84,1095.36
O01069,C0815,2025-11-24,Home,West,3,499,15,1272.45,833.22,439.23
O01070,C0583,2025-11-24,Books,East,3,4999,20,11997.6,8322.65,3674.95
O01071,C0286,2025-11-30,Home,South,2,2999,15,5098.3,2448.64,2649.66
O01072,C0691,2025-11-28,Home,East,2,4999,15,8498.3,5119.12,3379.18
O01073,C0868,2025-11-27,Beauty,North,1,2999,15,2549.15,1586.89,962.26
O01074,C0077,2025-11-30,Home,South,2,499,25,748.5,639.6,108.9
O01075,C0704,2025-11-26,Home,East,4,4999,20,15996.8,8927.77,7069.03
O01076,C0778,2025-11-30,Electronics,West,3,999,20,2397.6,1398.83,998.77
O01077,C0716,2025-11-28,Books,South,5,4999,25,18746.25,12847.63,5898.62
O01078,C0467,2025-11-30,Fashion,North,2,499,10,898.2,583.9,314.3
O01079,C0779,2025-11-24,Electronics,South,3,499,30,1047.9,714.95,332.95
O01080,C0376,2025-11-29,Beauty,North,3,2999,10,8097.3,5146.47,2950.83
O01081,C0319,2025-11-28,Beauty,West,3,499,10,1347.3,955.3,392.0
O01082,C0280,2025-11-25,Beauty,South,4,499,30,1397.2,1007.2,390.0
O01083,C0265,2025-11-28,Books,West,3,1499,25,3372.75,1865.46,1507.29
O01084,C0121,2025-11-28,Beauty,West,4,499,10,1796.4,1200.2,596.2
O01085,C0475,2025-11-30,Electronics,East,1,999,15,849.15,438.82,410.33
O01086,C0138,2025-11-26,Beauty,West,3,999,10,2697.3,1546.14,1151.16
O01087,C0674,2025-11-26,Books,North,5,4999,30,17496.5,15464.8,2031.7
O01088,C0234,2025-11-28,Electronics,West,2,499,20,798.4,598.32,200.08
O01089,C0513,2025-11-28,Books,South,4,4999,30,13997.2,12389.27,1607.93
O01090,C0479,2025-11-24,Home,North,3,2999,30,6297.9,3960.58,2337.32
O01091,C0437,2025-11-30,Home,South,1,999,10,899.1,422.89,476.21
O01092,C0366,2025-11-29,Beauty,East,2,999,10,1798.2,1205.83,592.37
O01093,C0377,2025-11-28,Electronics,West,1,4999,10,4499.1,2207.12,2291.98
O01094,C0778,2025-11-27,Home,South,1,499,15,424.15,233.44,190.71
O01095,C0481,2025-11-26,Electronics,East,2,1499,25,2248.5,1803.35,445.15
O01096,C0897,2025-11-29,Fashion,South,2,2999,15,5098.3,2871.85,2226.45
O01097,C0653,2025-11-24,Electronics,North,1,499,20,399.2,231.76,167.44
O01098,C0105,2025-11-25,Beauty,South,2,499,25,748.5,402.09,346.41
O01099,C0181,2025-11-24,Home,East,1,499,20,399.2,308.28,90.92
O01100,C0251,2025-11-29,Home,South,2,2999,25,4498.5,3379.85,1118.65
O01101,C0435,2025-11-24,Electronics,West,5,1499,15,6370.75,3590.04,2780.71
O01102,C0626,2025-11-26,Home,South,1,1499,30,1049.3,813.54,235.76
O01103,C0847,2025-11-26,Home,South,4,499,30,1397.2,935.73,461.47
O01104,C0412,2025-11-28,Fashion,East,4,1499,30,4197.2,3854.27,342.93
O01105,C0627,2025-11-28,Home,North,1,4999,10,4499.1,2336.67,2162.43
O01106,C0569,2025-11-26,Books,South,2,999,15,1698.3,896.53,801.77
O01107,C0686,2025-11-29,Home,South,3,4999,10,13497.3,8599.52,4897.78
O01108,C0826,2025-11-27,Home,North,5,4999,10,22495.5,12097.98,10397.52
O01109,C0646,2025-11-30,Beauty,South,4,4999,10,17996.4,10927.36,7069.04
O01110,C0367,2025-11-25,Home,West,3,1499,20,3597.6,2824.19,773.41
O01111,C0798,2025-11-26,Books,West,4,2999,25,8997.0,5557.48,3439.52
O01112,C0438,2025-11-26,Electronics,North,3,4999,15,12747.45,6125.99,6621.46
O01113,C0895,2025-11-28,Fashion,West,4,499,25,1497.0,1081.98,415.02
O01114,C0760,2025-11-29,Beauty,East,3,4999,25,11247.75,6470.85,4776.9
O01115,C0234,2025-11-30,Books,East,3,999,25,2247.75,1545.43,702.32
O01116,C0144,2025-11-24,Electronics,East,3,2999,10,8097.3,4909.68,3187.62
O01117,C0260,2025-11-30,Home,South,1,2999,15,2549.15,1844.17,704.98
O01118,C0445,2025-11-24,Books,South,5,2999,10,13495.5,6345.06,7150.44
O01119,C0578,2025-11-25,Beauty,South,2,1499,25,2248.5,1222.5,1026.0
O01120,C0128,2025-11-29,Beauty,North,3,499,25,1122.75,709.82,412.93
O01121,C0846,2025-11-25,Books,East,2,999,20,1598.4,828.53,769.87
O01122,C0265,2025-11-26,Fashion,West,2,4999,30,6998.6,6334.79,663.81
O01123,C0249,2025-11-27,Electronics,West,5,4999,20,19996.0,10968.39,9027.61
O01124,C0269,2025-11-26,Home,East,5,1499,30,5246.5,3773.99,1472.51
O01125,C0897,2025-11-24,Fashion,West,5,1499,25,5621.25,4371.54,1249.71
O01126,C0295,2025-11-29,Fashion,West,2,499,25,748.5,576.25,172.25
O01127,C0149,2025-11-29,Home,North,1,4999,15,4249.15,2165.47,2083.68
O01128,C0404,2025-11-30,Fashion,West,2,999,30,1398.6,1281.21,117.39
O01129,C0836,2025-11-26,Electronics,East,4,499,25,1497.0,1002.32,494.68
O01130,C0376,2025-11-24,Electronics,South,1,1499,25,1124.25,725.65,398.6
O01131,C0126,2025-11-24,Home,North,5,2999,15,12745.75,7889.77,4855.98
O01132,C0166,2025-11-24,Beauty,East,2,999,30,1398.6,1158.07,240.53
O01133,C0539,2025-11-29,Fashion,West,3,4999,20,11997.6,6635.08,5362.52
O01134,C0187,2025-11-25,Books,South,4,2999,25,8997.0,7181.37,1815.63
O01135,C0235,2025-11-30,Beauty,South,3,1499,15,3822.45,2822.6,999.85
O01136,C0623,2025-11-27,Books,South,2,2999,30,4198.6,3843.8,354.8
O01137,C0142,2025-11-27,Electronics,West,1,1499,10,1349.1,614.99,734.11
O01138,C0644,2025-11-29,Home,West,4,999,10,3596.4,1855.6,1740.8
O01139,C0509,2025-11-24,Home,East,5,2999,20,11996.0,6809.89,5186.11
O01140,C0365,2025-11-25,Electronics,South,4,999,10,3596.4,2567.02,1029.38
O01141,C0682,2025-11-30,Books,East,1,4999,25,3749.25,2277.02,1472.23
O01142,C0239,2025-11-27,Beauty,South,1,2999,30,2099.3,1356.74,742.56
O01143,C0198,2025-11-26,Electronics,East,1,999,30,699.3,518.56,180.74
O01144,C0786,2025-11-25,Beauty,East,5,1499,10,6745.5,4672.61,2072.89
O01145,C0558,2025-11-29,Electronics,North,5,499,30,1746.5,1091.17,655.33
O01146,C0029,2025-11-28,Beauty,North,5,499,25,1871.25,1092.03,779.22
O01147,C0771,2025-11-26,Home,South,2,499,30,698.6,544.99,153.61
O01148,C0791,2025-11-24,Fashion,South,2,4999,20,7998.4,5424.5,2573.9
O01149,C0799,2025-11-28,Books,West,2,499,20,798.4,601.47,196.93
O01150,C0809,2025-11-28,Electronics,South,3,499,25,1122.75,733.82,388.93
O01151,C0565,2025-11-28,Books,North,2,999,10,1798.2,1208.32,589.88
O01152,C0069,2025-11-27,Home,North,4,499,30,1397.2,939.62,457.58
O01153,C0025,2025-11-24,Beauty,West,2,1499,10,2698.2,1908.84,789.36
O01154,C0497,2025-11-26,Home,East,4,1499,30,4197.2,3448.7,748.5
O01155,C0100,2025-11-26,Home,North,1,4999,20,3999.2,2718.26,1280.94
O01156,C0255,2025-11-27,Beauty,East,3,4999,25,11247.75,6658.58,4589.17
O01157,C0440,2025-11-26,Electronics,North,4,999,25,2997.0,1776.2,1220.8
O01158,C0232,2025-11-29,Books,East,3,999,10,2697.3,1429.92,1267.38
O01159,C0150,2025-11-24,Beauty,West,3,499,20,1197.6,938.12,259.48
O01160,C0207,2025-11-30,Books,East,3,999,20,2397.6,1651.93,745.67
O01161,C0035,2025-11-27,Books,West,1,2999,25,2249.25,1536.34,712.91
O01162,C0458,2025-11-26,Books,North,5,4999,20,19996.0,13327.95,6668.05
O01163,C0448,2025-11-27,Fashion,West,1,499,25,374.25,280.14,94.11
O01164,C0242,2025-11-29,Books,West,3,499,30,1047.9,766.31,281.59
O01165,C0485,2025-11-24,Electronics,South,5,4999,20,19996.0,11351.64,8644.36
O01166,C0113,2025-11-27,Home,East,3,4999,15,12747.45,9293.7,3453.75
O01167,C0265,2025-11-25,Beauty,North,5,4999,15,21245.75,15786.23,5459.52
O01168,C0495,2025-11-29,Books,South,3,2999,10,8097.3,4257.21,3840.09
O01169,C0859,2025-11-27,Home,West,4,1499,10,5396.4,3600.3,1796.1
O01170,C0604,2025-11-25,Electronics,South,5,999,25,3746.25,3121.79,624.46
O01171,C0795,2025-11-27,Electronics,South,2,2999,15,5098.3,3844.57,1253.73
O01172,C0075,2025-11-25,Fashion,North,3,2999,25,6747.75,5826.06,921.69
O01173,C0519,2025-11-30,Books,East,1,4999,20,3999.2,2571.78,1427.42
O01174,C0723,2025-11-26,Fashion,East,5,499,20,1996.0,1144.04,851.96
O01175,C0553,2025-11-30,Electronics,East,4,2999,10,10796.4,4819.11,5977.29
O01176,C0621,2025-11-24,Fashion,North,4,4999,15,16996.6,10034.31,6962.29
O01177,C0252,2025-11-30,Beauty,East,2,1499,10,2698.2,1814.65,883.55
O01178,C0445,2025-11-29,Books,East,2,999,30,1398.6,1056.73,341.87
O01179,C0822,2025-11-27,Electronics,West,5,4999,25,18746.25,15407.81,3338.44
O01180,C0279,2025-11-27,Electronics,East,1,2999,10,2699.1,1218.26,1480.84
O01181,C0053,2025-11-30,Home,North,2,999,25,1498.5,814.88,683.62
O01182,C0574,2025-11-27,Electronics,West,4,1499,20,4796.8,2693.67,2103.13
O01183,C0896,2025-11-24,Home,West,2,4999,25,7498.5,5090.64,2407.86
O01184,C0262,2025-11-26,Books,West,4,1499,10,5396.4,3506.24,1890.16
O01185,C0779,2025-11-28,Beauty,East,4,499,30,1397.2,872.87,524.33
O01186,C0371,2025-11-25,Electronics,East,1,1499,15,1274.15,782.87,491.28
O01187,C0178,2025-11-27,Fashion,East,1,4999,30,3499.3,2625.19,874.11
O01188,C0140,2025-11-25,Fashion,South,5,999,10,4495.5,2788.45,1707.05
O01189,C0015,2025-11-27,Electronics,South,1,1499,30,1049.3,893.96,155.34
O01190,C0524,2025-11-26,Home,West,2,499,20,798.4,578.43,219.97
O01191,C0848,2025-11-29,Home,North,4,2999,10,10796.4,5888.17,4908.23
O01192,C0324,2025-11-27,Books,South,4,2999,25,8997.0,4819.59,4177.41
O01193,C0839,2025-11-29,Home,East,5,499,10,2245.5,1248.67,996.83
O01194,C0839,2025-11-29,Beauty,West,4,2999,25,8997.0,7559.35,1437.65
O01195,C0882,2025-11-26,Beauty,West,3,2999,25,6747.75,4464.46,2283.29
O01196,C0513,2025-11-29,Home,South,1,4999,20,3999.2,2156.72,1842.48
O01197,C0329,2025-11-25,Electronics,West,5,2999,20,11996.0,7233.33,4762.67
O01198,C0551,2025-11-28,Beauty,South,3,499,20,1197.6,813.33,384.27
O01199,C0148,2025-11-27,Home,East,5,4999,30,17496.5,13045.21,4451.29
O01200,C0079,2025-11-29,Books,East,3,999,15,2547.45,1202.51,1344.94
O01201,C0847,2025-11-28,Beauty,South,1,2999,30,2099.3,1327.18,772.12
O01202,C0390,2025-11-30,Beauty,South,5,2999,20,11996.0,6128.09,5867.91
O01203,C0039,2025-11-25,Fashion,North,3,2999,25,6747.75,4053.53,2694.22
O01204,C0558,2025-11-29,Fashion,South,3,999,10,2697.3,1344.14,1353.16
O01205,C0115,2025-11-30,Books,East,2,499,10,898.2,426.27,471.93
O01206,C0545,2025-11-26,Home,West,1,2999,20,2399.2,1388.23,1010.97
O01207,C0365,2025-11-25,Books,West,3,1499,15,3822.45,2581.87,1240.58
O01208,C0422,2025-11-28,Beauty,East,1,1499,10,1349.1,703.21,645.89
O01209,C0075,2025-11-27,Books,South,3,2999,30,6297.9,4073.66,2224.24
O01210,C0337,2025-11-26,Beauty,West,5,2999,10,13495.5,8459.92,5035.58
O01211,C0209,2025-11-30,Books,East,5,2999,15,12745.75,8461.12,4284.63
O01212,C0670,2025-11-28,Fashion,East,5,2999,20,11996.0,6254.01,5741.99
O01213,C0768,2025-11-28,Electronics,West,4,499,10,1796.4,1097.8,698.6
O01214,C0314,2025-11-29,Beauty,West,2,1499,25,2248.5,1899.44,349.06
O01215,C0701,2025-11-28,Home,South,2,4999,15,8498.3,4982.34,3515.96
O01216,C0497,2025-11-28,Beauty,South,4,4999,20,15996.8,12180.11,3816.69
O01217,C0621,2025-11-24,Electronics,North,4,2999,30,8397.2,6978.33,1418.87
O01218,C0060,2025-11-29,Books,East,2,2999,10,5398.2,3308.97,2089.23
O01219,C0677,2025-11-27,Fashion,North,2,499,15,848.3,533.94,314.36
O01220,C0586,2025-11-24,Home,East,2,499,20,798.4,558.12,240.28
O01221,C0741,2025-11-26,Beauty,South,4,999,20,3196.8,2413.09,783.71
O01222,C0436,2025-11-27,Fashion,South,2,499,10,898.2,496.68,401.52
O01223,C0160,2025-11-26,Fashion,South,5,999,20,3996.0,2043.54,1952.46
O01224,C0552,2025-11-24,Home,North,4,999,20,3196.8,1838.74,1358.06
O01225,C0876,2025-11-28,Books,East,2,499,25,748.5,477.51,270.99
O01226,C0290,2025-11-28,Home,South,1,1499,15,1274.15,622.57,651.58
O01227,C0015,2025-11-30,Books,South,3,499,25,1122.75,703.6,419.15
O01228,C0599,2025-11-29,Books,West,2,999,30,1398.6,826.23,572.37
O01229,C0310,2025-11-30,Fashion,North,1,999,20,799.2,466.99,332.21
O01230,C0099,2025-11-29,Books,South,1,4999,10,4499.1,2584.55,1914.55
O01231,C0133,2025-11-30,Beauty,West,2,1499,15,2548.3,1902.76,645.54
O01232,C0264,2025-11-27,Beauty,North,2,2999,25,4498.5,2930.92,1567.58
O01233,C0231,2025-11-26,Home,East,4,999,25,2997.0,1955.01,1041.99
O01234,C0100,2025-11-25,Beauty,West,5,499,20,1996.0,1290.01,705.99
O01235,C0253,2025-11-28,Fashion,South,4,499,20,1596.8,1243.17,353.63
O01236,C0053,2025-11-30,Fashion,North,5,1499,15,6370.75,3864.93,2505.82
O01237,C0261,2025-11-30,Fashion,South,3,499,10,1347.3,676.53,670.77
O01238,C0634,2025-11-30,Books,East,5,499,25,1871.25,1096.3,774.95
O01239,C0485,2025-11-25,Fashion,North,5,999,20,3996.0,3012.43,983.57
O01240,C0227,2025-11-27,Electronics,North,2,4999,30,6998.6,6160.14,838.46
O01241,C0581,2025-11-29,Home,East,2,2999,20,4798.4,3298.08,1500.32
O01242,C0087,2025-11-30,Electronics,West,4,499,20,1596.8,1198.62,398.18
O01243,C0724,2025-11-27,Home,North,2,999,10,1798.2,1215.4,582.8
O01244,C0195,2025-11-27,Home,South,1,499,20,399.2,303.66,95.54
O01245,C0844,2025-11-25,Books,West,4,1499,20,4796.8,2774.62,2022.18
O01246,C0707,2025-11-30,Electronics,North,5,499,20,1996.0,1089.91,906.09
O01247,C0453,2025-11-27,Books,South,4,999,15,3396.6,2517.33,879.27
O01248,C0868,2025-11-29,Books,West,3,999,25,2247.75,1579.88,667.87
O01249,C0617,2025-11-25,Fashion,East,5,1499,25,5621.25,3197.41,2423.84
O01250,C0045,2025-11-24,Beauty,South,2,499,10,898.2,410.08,488.12
O01251,C0435,2025-11-29,Beauty,West,2,1499,30,2098.6,1747.0,351.6
O01252,C0424,2025-11-24,Beauty,South,3,1499,25,3372.75,2214.41,1158.34
O01253,C0248,2025-11-26,Home,West,5,1499,25,5621.25,4223.85,1397.4
O01254,C0840,2025-11-27,Home,West,2,999,15,1698.3,1154.71,543.59
O01255,C0767,2025-11-27,Fashion,East,5,1499,10,6745.5,3624.18,3121.32
O01256,C0322,2025-11-30,Electronics,East,1,2999,20,2399.2,1570.79,828.41
O01257,C0396,2025-11-26,Books,East,1,2999,25,2249.25,1626.12,623.13
O01258,C0013,2025-11-24,Fashion,South,5,2999,20,11996.0,8956.02,3039.98
O01259,C0864,2025-11-27,Home,East,4,1499,15,5096.6,2671.73,2424.87
O01260,C0189,2025-11-25,Home,North,2,499,10,898.2,539.91,358.29
O01261,C0602,2025-11-29,Home,South,3,1499,20,3597.6,2338.39,1259.21
O01262,C0424,2025-11-24,Home,North,4,999,15,3396.6,2082.59,1314.01
O01263,C0059,2025-11-25,Books,West,3,999,25,2247.75,1428.73,819.02
O01264,C0499,2025-11-25,Fashion,South,1,4999,10,4499.1,2275.39,2223.71
O01265,C0371,2025-11-29,Fashion,East,1,499,30,349.3,296.8,52.5
O01266,C0654,2025-11-26,Electronics,North,2,4999,15,8498.3,4414.61,4083.69
O01267,C0571,2025-11-26,Electronics,West,3,4999,25,11247.75,9364.76,1882.99
O01268,C0056,2025-11-28,Beauty,South,4,4999,20,15996.8,8988.88,7007.92
O01269,C0639,2025-11-24,Electronics,West,3,2999,25,6747.75,4628.75,2119.0
O01270,C0442,2025-11-27,Beauty,East,5,999,20,3996.0,2376.93,1619.07
O01271,C0840,2025-11-24,Books,East,5,999,25,3746.25,3158.44,587.81
O01272,C0900,2025-11-29,Home,North,2,4999,25,7498.5,5262.84,2235.66
O01273,C0343,2025-11-30,Beauty,South,5,1499,20,5996.0,4083.43,1912.57
O01274,C0580,2025-11-30,Fashion,South,5,2999,15,12745.75,7411.29,5334.46
O01275,C0163,2025-11-27,Fashion,East,2,1499,25,2248.5,1749.64,498.86
O01276,C0485,2025-11-24,Home,West,4,4999,30,13997.2,11555.71,2441.49
O01277,C0258,2025-11-27,Beauty,West,2,999,15,1698.3,925.73,772.57
O01278,C0306,2025-11-28,Beauty,North,1,499,20,399.2,212.09,187.11
O01279,C0406,2025-11-25,Books,West,5,499,25,1871.25,1540.72,330.53
O01280,C0631,2025-11-25,Home,East,5,4999,25,18746.25,15888.36,2857.89
O01281,C0697,2025-11-30,Books,East,5,1499,10,6745.5,4410.64,2334.86
O01282,C0332,2025-11-27,Electronics,South,1,4999,25,3749.25,2776.42,972.83
O01283,C0554,2025-11-25,Fashion,North,3,1499,10,4047.3,2754.52,1292.78
O01284,C0405,2025-11-28,Fashion,East,5,999,30,3496.5,2032.54,1463.96
O01285,C0139,2025-11-29,Fashion,West,4,2999,30,8397.2,5002.68,3394.52
O01286,C0625,2025-11-28,Electronics,North,4,4999,15,16996.6,11155.96,5840.64
O01287,C0221,2025-11-24,Books,East,2,999,10,1798.2,837.55,960.65
O01288,C0247,2025-11-28,Electronics,East,2,499,10,898.2,555.68,342.52
O01289,C0249,2025-11-30,Beauty,South,2,999,10,1798.2,1262.83,535.37
O01290,C0182,2025-11-24,Fashion,West,1,1499,10,1349.1,822.07,527.03
O01291,C0610,2025-11-27,Beauty,South,1,999,15,849.15,430.12,419.03
O01292,C0619,2025-11-24,Fashion,North,1,499,15,424.15,277.25,146.9
O01293,C0590,2025-11-29,Electronics,North,4,2999,20,9596.8,5994.56,3602.24
O01294,C0770,2025-11-29,Electronics,West,1,499,30,349.3,279.3,70.0
O01295,C0179,2025-11-26,Home,South,4,1499,15,5096.6,3628.82,1467.78
O01296,C0493,2025-11-24,Home,North,3,999,30,2097.9,1880.37,217.53
O01297,C0634,2025-11-24,Electronics,West,3,1499,25,3372.75,2141.07,1231.68
O01298,C0495,2025-11-25,Books,South,1,4999,25,3749.25,2013.09,1736.16
O01299,C0244,2025-11-29,Books,North,1,1499,10,1349.1,617.06,732.04
O01300,C0582,2025-11-29,Electronics,South,5,999,20,3996.0,2781.09,1214.91
O01301,C0698,2025-11-24,Electronics,East,2,999,10,1798.2,989.23,808.97
O01302,C0078,2025-11-28,Fashion,South,5,999,15,4245.75,2329.29,1916.46
O01303,C0370,2025-11-25,Electronics,South,3,999,25,2247.75,1486.8,760.95
O01304,C0479,2025-11-28,Home,East,1,999,10,899.1,424.26,474.84
O01305,C0396,2025-11-27,Electronics,North,2,4999,15,8498.3,4417.78,4080.52
O01306,C0116,2025-11-30,Beauty,West,1,2999,25,2249.25,1578.63,670.62
O01307,C0008,2025-11-25,Home,North,5,2999,15,12745.75,9570.88,3174.87
O01308,C0263,2025-11-30,Fashion,West,3,999,30,2097.9,1496.23,601.67
O01309,C0042,2025-11-28,Books,East,4,999,10,3596.4,1768.86,1827.54
O01310,C0878,2025-11-24,Home,North,1,2999,20,2399.2,1356.08,1043.12
O01311,C0288,2025-11-30,Electronics,North,3,999,10,2697.3,1654.59,1042.71
O01312,C0328,2025-11-24,Books,East,3,499,25,1122.75,719.44,403.31
O01313,C0423,2025-11-27,Beauty,North,5,1499,15,6370.75,4024.34,2346.41
O01314,C0463,2025-11-28,Beauty,North,2,2999,30,4198.6,2774.83,1423.77
O01315,C0667,2025-11-27,Beauty,East,1,4999,15,4249.15,3244.59,1004.56
O01316,C0238,2025-11-26,Home,North,3,499,20,1197.6,948.26,249.34
O01317,C0466,2025-11-29,Books,West,1,2999,15,2549.15,1530.89,1018.26
O01318,C0027,2025-11-24,Books,South,2,999,30,1398.6,892.81,505.79
O01319,C0770,2025-11-25,Electronics,South,2,499,20,798.4,426.13,372.27
O01320,C0871,2025-11-27,Books,North,3,499,25,1122.75,933.9,188.85
O01321,C0031,2025-11-25,Home,North,1,4999,30,3499.3,2049.02,1450.28
O01322,C0481,2025-11-29,Home,West,4,1499,10,5396.4,2497.55,2898.85
O01323,C0403,2025-11-26,Books,East,1,499,25,374.25,205.72,168.53
O01324,C0570,2025-11-27,Fashion,North,4,4999,25,14997.0,12559.28,2437.72
O01325,C0677,2025-11-28,Electronics,East,2,1499,10,2698.2,1534.85,1163.35
O01326,C0556,2025-11-29,Books,North,3,4999,10,13497.3,9523.22,3974.08
O01327,C0772,2025-11-30,Home,East,5,499,10,2245.5,1060.25,1185.25
O01328,C0427,2025-11-24,Books,East,4,2999,25,8997.0,6192.1,2804.9
O01329,C0030,2025-11-24,Beauty,North,2,1499,30,2098.6,1498.33,600.27
O01330,C0314,2025-11-26,Electronics,West,5,999,10,4495.5,2559.75,1935.75
O01331,C0682,2025-11-25,Books,North,4,499,15,1696.6,1239.67,456.93
O01332,C0517,2025-11-30,Fashion,West,3,1499,15,3822.45,2142.07,1680.38
O01333,C0747,2025-11-25,Electronics,East,4,999,20,3196.8,2459.58,737.22
O01334,C0578,2025-11-28,Beauty,South,5,999,30,3496.5,2332.38,1164.12
O01335,C0470,2025-11-25,Books,South,3,4999,25,11247.75,6653.61,4594.14
O01336,C0643,2025-11-24,Fashion,East,2,1499,25,2248.5,1867.57,380.93
O01337,C0411,2025-11-29,Beauty,South,1,4999,15,4249.15,2718.61,1530.54
O01338,C0294,2025-11-28,Home,East,5,4999,20,19996.0,14783.24,5212.76
O01339,C0239,2025-11-26,Beauty,East,2,2999,15,5098.3,3277.21,1821.09
O01340,C0751,2025-11-28,Beauty,West,2,999,30,1398.6,837.88,560.72
O01341,C0342,2025-11-30,Fashion,South,4,999,15,3396.6,2071.25,1325.35
O01342,C0058,2025-11-30,Electronics,West,3,499,25,1122.75,834.87,287.88
O01343,C0061,2025-11-24,Home,South,4,999,15,3396.6,1868.3,1528.3
O01344,C0262,2025-11-29,Home,South,1,1499,25,1124.25,858.07,266.18
O01345,C0890,2025-11-28,Books,West,4,999,25,2997.0,1769.56,1227.44
O01346,C0033,2025-11-26,Home,East,2,999,15,1698.3,981.24,717.06
O01347,C0669,2025-11-26,Fashion,East,3,1499,10,4047.3,2630.97,1416.33
O01348,C0479,2025-11-26,Home,East,3,999,10,2697.3,1256.86,1440.44
O01349,C0296,2025-11-25,Electronics,East,3,4999,20,11997.6,7791.13,4206.47
O01350,C0113,2025-11-26,Electronics,South,2,1499,25,2248.5,1377.31,871.19
O01351,C0418,2025-11-26,Beauty,South,5,499,10,2245.5,1608.47,637.03
O01352,C0611,2025-11-28,Beauty,South,3,2999,20,7197.6,3999.24,3198.36
O01353,C0668,2025-11-28,Books,West,3,2999,15,7647.45,4325.78,3321.67
O01354,C0875,2025-11-24,Electronics,West,3,4999,10,13497.3,7349.03,6148.27
O01355,C0667,2025-11-24,Books,South,3,499,20,1197.6,736.74,460.86
O01356,C0704,2025-11-25,Electronics,East,3,2999,30,6297.9,3997.87,2300.03
O01357,C0758,2025-11-25,Electronics,North,4,4999,15,16996.6,9298.52,7698.08
O01358,C0308,2025-11-25,Beauty,West,5,499,15,2120.75,1154.56,966.19
O01359,C0838,2025-11-29,Electronics,East,2,1499,15,2548.3,1757.41,790.89
O01360,C0762,2025-11-28,Beauty,North,4,499,25,1497.0,1008.34,488.66
O01361,C0249,2025-11-29,Beauty,East,1,2999,30,2099.3,1669.44,429.86
O01362,C0815,2025-11-24,Books,West,5,499,15,2120.75,1496.36,624.39
O01363,C0435,2025-11-24,Home,West,5,499,25,1871.25,1208.93,662.32
O01364,C0111,2025-11-25,Home,North,1,1499,30,1049.3,602.97,446.33
O01365,C0002,2025-11-26,Electronics,South,2,999,10,1798.2,1006.65,791.55
O01366,C0636,2025-11-28,Beauty,South,4,999,30,2797.2,2525.83,271.37
O01367,C0401,2025-11-24,Home,East,2,499,15,848.3,414.19,434.11
O01368,C0634,2025-11-27,Beauty,West,2,1499,10,2698.2,1836.62,861.58
O01369,C0064,2025-11-29,Electronics,East,5,1499,15,6370.75,3058.75,3312.0
O01370,C0402,2025-11-24,Beauty,South,1,1499,20,1199.2,650.72,548.48
O01371,C0547,2025-11-27,Electronics,East,4,999,15,3396.6,2303.25,1093.35
O01372,C0864,2025-11-26,Books,East,5,1499,15,6370.75,3970.14,2400.61
O01373,C0219,2025-11-30,Beauty,South,4,1499,25,4497.0,3444.0,1053.0
O01374,C0511,2025-11-27,Books,West,5,999,10,4495.5,2422.59,2072.91
O01375,C0445,2025-11-24,Beauty,East,5,4999,15,21245.75,12434.72,8811.03
O01376,C0620,2025-11-26,Books,North,1,499,20,399.2,272.78,126.42
O01377,C0236,2025-11-28,Electronics,South,3,499,20,1197.6,904.68,292.92
O01378,C0544,2025-11-26,Books,West,3,2999,10,8097.3,5565.93,2531.37
O01379,C0876,2025-11-28,Beauty,South,5,2999,25,11246.25,8684.68,2561.57
O01380,C0403,2025-11-24,Beauty,East,3,1499,25,3372.75,2818.72,554.03
O01381,C0513,2025-11-26,Fashion,West,1,999,10,899.1,413.82,485.28
O01382,C0672,2025-11-26,Electronics,North,2,999,25,1498.5,954.45,544.05
O01383,C0063,2025-11-28,Home,South,2,1499,20,2398.4,1635.73,762.67
O01384,C0162,2025-11-30,Home,South,3,2999,20,7197.6,4139.53,3058.07
O01385,C0843,2025-11-27,Beauty,East,4,2999,30,8397.2,5790.62,2606.58
O01386,C0881,2025-11-26,Books,East,3,2999,15,7647.45,4691.58,2955.87
O01387,C0339,2025-11-30,Books,East,2,1499,10,2698.2,1326.96,1371.24
O01388,C0053,2025-11-24,Beauty,East,4,2999,30,8397.2,7334.66,1062.54
O01389,C0650,2025-11-25,Books,East,2,999,25,1498.5,1093.4,405.1
O01390,C0215,2025-11-30,Books,West,5,2999,20,11996.0,9287.04,2708.96
O01391,C0578,2025-11-28,Electronics,South,4,1499,30,4197.2,3822.76,374.44
O01392,C0039,2025-11-27,Electronics,North,1,999,30,699.3,484.37,214.93
O01393,C0732,2025-11-24,Fashion,East,5,1499,10,6745.5,3639.74,3105.76
O01394,C0482,2025-11-26,Fashion,East,2,2999,30,4198.6,3508.52,690.08
O01395,C0385,2025-11-29,Fashion,East,1,999,30,699.3,617.07,82.23
O01396,C0320,2025-11-25,Beauty,South,2,4999,20,7998.4,5042.07,2956.33
O01397,C0145,2025-11-24,Beauty,South,1,1499,10,1349.1,791.14,557.96
O01398,C0540,2025-11-28,Beauty,West,2,1499,25,2248.5,1256.33,992.17
O01399,C0667,2025-11-27,Home,South,2,2999,15,5098.3,3180.86,1917.44
O01400,C0729,2025-11-28,Electronics,West,2,4999,10,8998.2,4716.2,4282.0
O01401,C0208,2025-11-30,Fashion,North,1,2999,10,2699.1,1943.64,755.46
O01402,C0542,2025-11-29,Home,South,5,1499,20,5996.0,3525.22,2470.78
O01403,C0694,2025-11-24,Books,South,4,2999,10,10796.4,6792.65,4003.75
O01404,C0554,2025-11-24,Fashion,North,1,999,25,749.25,627.02,122.23
O01405,C0498,2025-11-29,Beauty,West,1,4999,15,4249.15,3161.62,1087.53
O01406,C0427,2025-11-26,Beauty,West,4,2999,25,8997.0,5518.66,3478.34
O01407,C0633,2025-11-24,Fashion,East,3,1499,20,3597.6,2134.72,1462.88
O01408,C0882,2025-11-29,Home,South,5,499,30,1746.5,1204.35,542.15
O01409,C0144,2025-11-27,Books,South,3,499,10,1347.3,936.28,411.02
O01410,C0843,2025-11-24,Books,South,5,1499,20,5996.0,3382.91,2613.09
O01411,C0900,2025-11-24,Fashion,East,2,999,15,1698.3,1125.27,573.03
O01412,C0765,2025-11-30,Electronics,West,1,1499,30,1049.3,717.61,331.69
O01413,C0443,2025-11-25,Beauty,North,1,999,25,749.25,462.14,287.11
O01414,C0328,2025-11-29,Electronics,East,4,2999,20,9596.8,6949.59,2647.21
O01415,C0110,2025-11-27,Home,South,3,4999,25,11247.75,7637.15,3610.6
O01416,C0856,2025-11-28,Beauty,South,3,999,25,2247.75,1721.22,526.53
O01417,C0448,2025-11-28,Home,West,1,999,30,699.3,470.0,229.3
O01418,C0162,2025-11-25,Home,South,2,1499,15,2548.3,1698.89,849.41
O01419,C0560,2025-11-25,Books,East,4,2999,10,10796.4,5280.66,5515.74
O01420,C0606,2025-11-29,Books,East,5,4999,30,17496.5,15584.46,1912.04
O01421,C0743,2025-11-26,Books,North,5,1499,10,6745.5,3717.69,3027.81
O01422,C0404,2025-11-29,Home,East,5,1499,20,5996.0,4564.85,1431.15
O01423,C0845,2025-11-28,Electronics,North,4,1499,20,4796.8,2614.83,2181.97
O01424,C0894,2025-11-25,Books,West,3,499,20,1197.6,662.38,535.22
O01425,C0506,2025-11-24,Electronics,West,4,4999,20,15996.8,9649.24,6347.56
O01426,C0128,2025-11-29,Home,West,4,4999,20,15996.8,11820.13,4176.67
O01427,C0234,2025-11-27,Beauty,South,4,499,30,1397.2,1137.26,259.94
O01428,C0715,2025-11-24,Electronics,East,3,499,15,1272.45,938.46,333.99
O01429,C0034,2025-11-30,Beauty,South,1,2999,25,2249.25,1874.61,374.64
O01430,C0109,2025-11-27,Electronics,South,3,2999,10,8097.3,5112.37,2984.93
O01431,C0131,2025-11-30,Electronics,West,3,499,25,1122.75,818.64,304.11
O01432,C0182,2025-11-27,Home,East,3,1499,25,3372.75,2162.62,1210.13
O01433,C0779,2025-11-28,Beauty,West,2,4999,15,8498.3,6171.78,2326.52
O01434,C0697,2025-11-24,Beauty,West,5,1499,10,6745.5,4795.81,1949.69
O01435,C0761,2025-11-27,Electronics,East,5,4999,10,22495.5,12169.6,10325.9
O01436,C0432,2025-11-27,Books,East,3,2999,25,6747.75,3780.88,2966.87
O01437,C0765,2025-11-25,Beauty,East,1,4999,15,4249.15,2525.22,1723.93
O01438,C0380,2025-11-26,Electronics,West,4,499,20,1596.8,1082.17,514.63
O01439,C0343,2025-11-27,Fashion,South,1,499,15,424.15,225.43,198.72
O01440,C0524,2025-11-25,Home,West,2,1499,20,2398.4,1897.06,501.34
O01441,C0084,2025-11-25,Beauty,West,5,2999,10,13495.5,8222.73,5272.77
O01442,C0567,2025-11-26,Books,West,3,4999,25,11247.75,8172.37,3075.38
O01443,C0758,2025-11-25,Electronics,West,5,4999,30,17496.5,16186.78,1309.72
O01444,C0643,2025-11-24,Home,South,2,499,20,798.4,439.63,358.77
O01445,C0356,2025-11-30,Books,North,4,4999,15,16996.6,8900.37,8096.23
O01446,C0124,2025-11-25,Beauty,East,4,1499,15,5096.6,2750.76,2345.84
O01447,C0400,2025-11-25,Electronics,North,4,4999,10,17996.4,8551.27,9445.13
O01448,C0699,2025-11-29,Electronics,East,5,4999,25,18746.25,11520.93,7225.32
O01449,C0808,2025-11-25,Fashion,South,3,999,25,2247.75,1202.12,1045.63
O01450,C0482,2025-11-25,Home,West,1,2999,15,2549.15,1460.74,1088.41
O01451,C0297,2025-11-25,Books,East,4,1499,25,4497.0,3328.29,1168.71
O01452,C0859,2025-11-29,Electronics,South,1,499,20,399.2,309.36,89.84
O01453,C0771,2025-11-25,Home,South,2,2999,15,5098.3,2426.89,2671.41
O01454,C0813,2025-11-26,Fashion,South,4,1499,25,4497.0,2708.72,1788.28
O01455,C0528,2025-11-29,Fashion,North,3,2999,10,8097.3,3859.57,4237.73
O01456,C0440,2025-11-30,Books,East,2,4999,10,8998.2,5715.69,3282.51
O01457,C0576,2025-11-26,Fashion,North,5,2999,15,12745.75,8477.11,4268.64
O01458,C0081,2025-11-27,Beauty,North,1,499,15,424.15,262.29,161.86
O01459,C0235,2025-11-27,Books,East,2,2999,25,4498.5,2976.41,1522.09
O01460,C0253,2025-11-25,Beauty,East,4,999,30,2797.2,1671.96,1125.24
O01461,C0198,2025-11-25,Beauty,North,5,4999,20,19996.0,12099.38,7896.62
O01462,C0032,2025-11-30,Fashion,West,2,4999,20,7998.4,6468.43,1529.97
O01463,C0203,2025-11-29,Electronics,South,3,999,20,2397.6,1673.03,724.57
O01464,C0706,2025-11-27,Home,West,2,1499,20,2398.4,1293.75,1104.65
O01465,C0049,2025-11-30,Fashion,North,4,499,30,1397.2,1113.45,283.75
O01466,C0064,2025-11-27,Electronics,South,3,2999,30,6297.9,4621.7,1676.2
O01467,C0875,2025-11-28,Home,North,4,1499,15,5096.6,2824.17,2272.43
O01468,C0614,2025-11-28,Fashion,South,5,1499,15,6370.75,4495.73,1875.02
O01469,C0602,2025-11-27,Beauty,West,1,499,20,399.2,214.67,184.53
O01470,C0410,2025-11-29,Electronics,West,4,1499,30,4197.2,2532.19,1665.01
O01471,C0141,2025-11-28,Fashion,South,3,2999,25,6747.75,5486.25,1261.5
O01472,C0673,2025-11-26,Books,North,4,499,30,1397.2,1125.5,271.7
O01473,C0270,2025-11-28,Home,South,2,4999,20,7998.4,5403.67,2594.73
O01474,C0829,2025-11-27,Beauty,North,3,1499,25,3372.75,2338.73,1034.02
O01475,C0352,2025-11-29,Home,North,2,4999,30,6998.6,6109.38,889.22
O01476,C0609,2025-11-26,Beauty,West,1,4999,10,4499.1,2871.23,1627.87
O01477,C0578,2025-11-29,Home,South,5,999,15,4245.75,3179.43,1066.32
O01478,C0292,2025-11-24,Fashion,West,4,499,10,1796.4,1087.41,708.99
O01479,C0794,2025-11-26,Fashion,West,1,2999,25,2249.25,1279.13,970.12
O01480,C0449,2025-11-25,Electronics,South,1,4999,25,3749.25,2668.1,1081.15
O01481,C0563,2025-11-24,Electronics,South,1,999,15,849.15,537.11,312.04
O01482,C0873,2025-11-27,Beauty,South,1,4999,30,3499.3,2533.15,966.15
O01483,C0455,2025-11-25,Home,East,4,999,10,3596.4,1797.54,1798.86
O01484,C0495,2025-11-24,Beauty,North,5,999,25,3746.25,2449.54,1296.71
O01485,C0878,2025-11-26,Beauty,East,5,499,20,1996.0,1251.01,744.99
O01486,C0035,2025-11-26,Home,West,2,4999,25,7498.5,5221.75,2276.75
O01487,C0402,2025-11-26,Books,North,4,999,30,2797.2,1842.14,955.06
O01488,C0563,2025-11-29,Books,West,5,1499,20,5996.0,4848.77,1147.23
O01489,C0515,2025-11-27,Books,North,2,499,20,798.4,528.31,270.09
O01490,C0097,2025-11-25,Books,South,1,999,20,799.2,452.63,346.57
O01491,C0508,2025-11-30,Books,North,4,2999,15,10196.6,5746.79,4449.81
O01492,C0314,2025-11-24,Electronics,East,1,4999,20,3999.2,2644.07,1355.13
O01493,C0479,2025-11-30,Electronics,North,4,499,20,1596.8,1101.99,494.81
O01494,C0036,2025-11-27,Fashion,East,1,499,30,349.3,283.37,65.93
O01495,C0727,2025-11-25,Home,West,3,2999,25,6747.75,5662.88,1084.87
O01496,C0238,2025-11-30,Books,North,3,999,25,2247.75,1763.16,484.59
O01497,C0110,2025-11-28,Books,East,5,4999,20,19996.0,10651.83,9344.17
O01498,C0225,2025-11-25,Electronics,South,5,2999,25,11246.25,6251.73,4994.52
O01499,C0677,2025-11-28,Home,South,1,1499,20,1199.2,646.76,552.44
O01500,C0597,2025-11-29,Electronics,South,3,499,10,1347.3,631.21,716.09
O01501,C0015,2025-11-28,Home,South,3,4999,20,11997.6,9222.48,2775.12
O01502,C0322,2025-11-28,Beauty,North,5,1499,10,6745.5,4545.14,2200.36
O01503,C0727,2025-11-27,Beauty,West,2,999,15,1698.3,1077.83,620.47
O01504,C0397,2025-11-30,Fashion,East,4,2999,10,10796.4,7778.64,3017.76
O01505,C0218,2025-11-28,Books,West,1,999,20,799.2,403.77,395.43
O01506,C0298,2025-11-29,Fashion,North,5,999,30,3496.5,2573.84,922.66
O01507,C0245,2025-11-25,Books,South,5,499,30,1746.5,1120.6,625.9
O01508,C0771,2025-11-27,Fashion,South,5,2999,10,13495.5,6674.13,6821.37
O01509,C0317,2025-11-28,Electronics,East,1,2999,10,2699.1,1460.7,1238.4
O01510,C0108,2025-11-24,Beauty,West,1,999,15,849.15,605.62,243.53
O01511,C0416,2025-11-30,Beauty,West,1,1499,25,1124.25,910.35,213.9
O01512,C0802,2025-11-30,Books,South,1,4999,15,4249.15,3233.78,1015.37
O01513,C0544,2025-11-27,Home,West,1,999,10,899.1,629.84,269.26
O01514,C0771,2025-11-25,Fashion,North,3,499,20,1197.6,787.23,410.37
O01515,C0501,2025-11-28,Beauty,North,2,2999,10,5398.2,2966.12,2432.08
O01516,C0484,2025-11-29,Fashion,West,5,999,20,3996.0,2946.58,1049.42
O01517,C0415,2025-11-26,Books,West,3,1499,25,3372.75,1870.91,1501.84
O01518,C0763,2025-11-26,Home,South,4,1499,20,4796.8,2540.42,2256.38
O01519,C0737,2025-11-26,Home,South,4,1499,15,5096.6,2931.21,2165.39
O01520,C0619,2025-11-28,Electronics,North,3,999,25,2247.75,1689.33,558.42
O01521,C0106,2025-11-30,Electronics,East,5,1499,10,6745.5,4425.61,2319.89
O01522,C0557,2025-11-30,Home,North,4,2999,15,10196.6,7159.65,3036.95
O01523,C0431,2025-11-27,Electronics,East,3,2999,25,6747.75,4244.0,2503.75
O01524,C0624,2025-11-28,Fashion,South,1,2999,30,2099.3,1206.53,892.77
O01525,C0332,2025-11-29,Electronics,South,1,4999,15,4249.15,2323.51,1925.64
O01526,C0053,2025-11-25,Home,East,4,1499,30,4197.2,3827.05,370.15
O01527,C0797,2025-11-28,Books,South,4,999,15,3396.6,2451.66,944.94
O01528,C0369,2025-11-25,Home,East,2,1499,30,2098.6,1927.39,171.21
O01529,C0885,2025-11-30,Home,West,4,499,20,1596.8,836.89,759.91
O01530,C0557,2025-11-24,Fashion,South,5,999,25,3746.25,2238.23,1508.02
O01531,C0113,2025-11-29,Books,West,3,999,25,2247.75,1265.24,982.51
O01532,C0474,2025-11-29,Home,West,2,4999,25,7498.5,5448.92,2049.58
O01533,C0026,2025-11-25,Books,East,4,999,15,3396.6,2230.36,1166.24
O01534,C0771,2025-11-30,Fashion,West,3,2999,30,6297.9,5302.44,995.46
O01535,C0194,2025-11-24,Books,South,5,499,30,1746.5,1616.06,130.44
O01536,C0814,2025-11-29,Fashion,South,2,4999,20,7998.4,4224.85,3773.55
O01537,C0783,2025-11-30,Beauty,South,2,4999,10,8998.2,6166.37,2831.83
O01538,C0750,2025-11-24,Books,East,3,999,30,2097.9,1386.64,711.26
O01539,C0864,2025-11-28,Books,South,3,1499,20,3597.6,2111.57,1486.03
O01540,C0245,2025-11-24,Home,North,3,4999,30,10497.9,9327.45,1170.45
O01541,C0029,2025-11-25,Fashion,South,1,999,20,799.2,500.08,299.12
O01542,C0311,2025-11-30,Books,North,4,2999,15,10196.6,5777.22,4419.38
O01543,C0560,2025-11-27,Home,West,3,2999,30,6297.9,5428.17,869.73
O01544,C0448,2025-11-29,Fashion,North,1,2999,30,2099.3,1637.61,461.69
O01545,C0428,2025-11-25,Books,West,2,999,20,1598.4,829.01,769.39
O01546,C0641,2025-11-25,Home,West,5,1499,25,5621.25,3545.46,2075.79
O01547,C0552,2025-11-25,Fashion,North,4,499,30,1397.2,1209.58,187.62
O01548,C0182,2025-11-28,Books,East,5,999,20,3996.0,2677.79,1318.21
O01549,C0080,2025-11-27,Fashion,South,4,2999,15,10196.6,5976.8,4219.8
O01550,C0106,2025-11-27,Fashion,West,1,4999,20,3999.2,2483.81,1515.39
O01551,C0213,2025-11-29,Beauty,East,2,4999,10,8998.2,4588.12,4410.08
O01552,C0291,2025-11-30,Beauty,East,5,499,30,1746.5,1512.83,233.67
O01553,C0246,2025-11-26,Fashion,North,5,499,10,2245.5,1268.15,977.35
O01554,C0707,2025-11-24,Beauty,West,2,499,10,898.2,577.18,321.02
O01555,C0770,2025-11-25,Books,East,2,2999,25,4498.5,2667.5,1831.0
O01556,C0769,2025-11-24,Books,East,3,1499,20,3597.6,1880.16,1717.44
O01557,C0589,2025-11-26,Electronics,North,4,4999,25,14997.0,8759.57,6237.43
O01558,C0082,2025-11-24,Beauty,West,1,4999,20,3999.2,2658.28,1340.92
O01559,C0007,2025-11-26,Beauty,North,1,499,15,424.15,307.67,116.48
O01560,C0344,2025-11-25,Books,North,1,2999,20,2399.2,1658.81,740.39
O01561,C0025,2025-11-27,Beauty,West,4,999,20,3196.8,1875.58,1321.22
O01562,C0482,2025-11-30,Fashion,South,5,4999,20,19996.0,11994.16,8001.84
O01563,C0182,2025-11-29,Home,South,1,2999,20,2399.2,1241.57,1157.63
O01564,C0273,2025-11-29,Home,North,2,4999,30,6998.6,4486.71,2511.89
O01565,C0016,2025-11-29,Beauty,South,4,499,10,1796.4,1118.88,677.52
O01566,C0250,2025-11-29,Electronics,East,5,4999,20,19996.0,10147.83,9848.17
O01567,C0259,2025-11-28,Home,South,1,2999,25,2249.25,1532.87,716.38
O01568,C0083,2025-11-26,Beauty,East,2,999,10,1798.2,1048.76,749.44
O01569,C0819,2025-11-30,Books,South,3,1499,10,4047.3,1990.71,2056.59
O01570,C0841,2025-11-30,Fashion,North,3,4999,15,12747.45,6585.99,6161.46
O01571,C0881,2025-11-29,Home,South,3,999,10,2697.3,1580.18,1117.12
O01572,C0124,2025-11-30,Fashion,West,1,2999,25,2249.25,1610.12,639.13
O01573,C0047,2025-11-30,Home,North,5,2999,15,12745.75,7250.7,5495.05
O01574,C0615,2025-11-24,Fashion,East,4,999,15,3396.6,1876.68,1519.92
O01575,C0705,2025-11-30,Fashion,East,2,499,15,848.3,603.37,244.93
O01576,C0407,2025-11-30,Fashion,South,1,999,25,749.25,462.19,287.06
O01577,C0303,2025-11-24,Fashion,West,5,999,30,3496.5,3197.15,299.35
O01578,C0599,2025-11-28,Home,South,4,1499,20,4796.8,2713.92,2082.88
O01579,C0231,2025-11-24,Books,West,5,1499,30,5246.5,3033.9,2212.6
O01580,C0672,2025-11-25,Fashion,North,3,499,20,1197.6,807.12,390.48
O01581,C0059,2025-11-30,Home,West,5,1499,10,6745.5,3621.4,3124.1
O01582,C0323,2025-11-24,Books,South,1,1499,30,1049.3,609.99,439.31
O01583,C0061,2025-11-28,Electronics,West,2,2999,25,4498.5,2654.71,1843.79
O01584,C0708,2025-11-25,Books,North,3,1499,20,3597.6,2327.78,1269.82
O01585,C0258,2025-11-30,Electronics,North,1,2999,10,2699.1,1562.8,1136.3
O01586,C0696,2025-11-28,Home,West,2,1499,20,2398.4,1494.87,903.53
O01587,C0800,2025-11-26,Books,West,3,2999,15,7647.45,4675.88,2971.57
O01588,C0225,2025-11-27,Beauty,North,4,2999,10,10796.4,6125.41,4670.99
O01589,C0007,2025-11-28,Electronics,North,3,2999,20,7197.6,3831.68,3365.92
O01590,C0514,2025-11-29,Fashion,East,2,2999,30,4198.6,3290.22,908.38
O01591,C0005,2025-11-26,Fashion,South,2,4999,30,6998.6,5561.76,1436.84
O01592,C0406,2025-11-28,Home,West,3,499,25,1122.75,605.62,517.13
O01593,C0441,2025-11-27,Books,East,4,1499,15,5096.6,3432.62,1663.98
O01594,C0102,2025-11-27,Fashion,West,5,499,15,2120.75,1413.69,707.06
O01595,C0154,2025-11-26,Books,North,4,4999,10,17996.4,10297.61,7698.79
O01596,C0275,2025-11-25,Books,South,2,1499,15,2548.3,1564.57,983.73
O01597,C0640,2025-11-30,Home,South,5,999,10,4495.5,2259.23,2236.27
O01598,C0870,2025-11-27,Electronics,East,5,1499,15,6370.75,4385.51,1985.24
O01599,C0857,2025-11-27,Fashion,East,2,999,30,1398.6,1201.69,196.91
O01600,C0830,2025-11-28,Beauty,East,1,499,10,449.1,231.28,217.82
O01601,C0207,2025-11-29,Beauty,West,4,1499,20,4796.8,3488.94,1307.86
O01602,C0041,2025-11-28,Beauty,West,1,1499,30,1049.3,956.65,92.65
O01603,C0843,2025-11-30,Beauty,East,5,499,30,1746.5,1191.38,555.12
O01604,C0395,2025-11-24,Electronics,South,5,2999,25,11246.25,6871.51,4374.74
O01605,C0412,2025-11-28,Books,North,3,499,20,1197.6,774.75,422.85
O01606,C0113,2025-11-29,Beauty,East,1,4999,10,4499.1,2366.2,2132.9
O01607,C0033,2025-11-27,Fashion,North,4,4999,20,15996.8,12449.55,3547.25
O01608,C0822,2025-11-24,Beauty,North,5,4999,25,18746.25,14133.14,4613.11
O01609,C0238,2025-11-27,Fashion,East,4,1499,30,4197.2,3091.83,1105.37
O01610,C0880,2025-11-26,Beauty,West,1,499,10,449.1,232.5,216.6
O01611,C0829,2025-11-27,Fashion,North,4,499,15,1696.6,990.53,706.07
O01612,C0171,2025-11-30,Beauty,East,5,999,30,3496.5,3047.03,449.47
O01613,C0597,2025-11-24,Books,West,2,1499,30,2098.6,1915.18,183.42
O01614,C0713,2025-11-26,Books,East,1,4999,20,3999.2,2124.48,1874.72
O01615,C0064,2025-11-29,Home,South,3,999,25,2247.75,1733.21,514.54
O01616,C0329,2025-11-26,Books,West,4,2999,15,10196.6,5170.21,5026.39
O01617,C0446,2025-11-30,Books,East,4,499,25,1497.0,1208.37,288.63
O01618,C0313,2025-11-24,Electronics,North,3,4999,10,13497.3,7014.78,6482.52
O01619,C0047,2025-11-25,Fashion,North,3,499,25,1122.75,737.12,385.63
O01620,C0042,2025-11-27,Books,West,1,2999,20,2399.2,1926.1,473.1
O01621,C0166,2025-11-25,Books,East,2,4999,25,7498.5,5309.07,2189.43
O01622,C0761,2025-11-26,Home,West,3,999,25,2247.75,1891.06,356.69
O01623,C0384,2025-11-24,Books,West,5,4999,15,21245.75,15597.69,5648.06
O01624,C0899,2025-11-26,Home,West,2,2999,25,4498.5,3345.49,1153.01
O01625,C0720,2025-11-29,Fashion,West,3,4999,25,11247.75,9134.36,2113.39
O01626,C0602,2025-11-29,Fashion,East,1,499,20,399.2,222.99,176.21
O01627,C0508,2025-11-27,Electronics,East,5,499,25,1871.25,1430.38,440.87
O01628,C0110,2025-11-27,Home,South,2,2999,10,5398.2,3550.59,1847.61
O01629,C0162,2025-11-26,Beauty,North,1,1499,10,1349.1,960.49,388.61
O01630,C0102,2025-11-27,Beauty,West,1,1499,10,1349.1,674.92,674.18
O01631,C0001,2025-11-27,Electronics,South,4,1499,15,5096.6,3118.36,1978.24
O01632,C0441,2025-11-25,Home,North,4,4999,25,14997.0,8511.23,6485.77
O01633,C0470,2025-11-25,Books,North,4,1499,15,5096.6,3896.77,1199.83
O01634,C0104,2025-11-27,Beauty,West,3,999,30,2097.9,1609.21,488.69
O01635,C0449,2025-11-24,Fashion,East,4,999,15,3396.6,2445.74,950.86
O01636,C0238,2025-11-28,Electronics,East,3,999,10,2697.3,1495.7,1201.6
O01637,C0495,2025-11-25,Home,West,5,1499,25,5621.25,3508.99,2112.26
O01638,C0525,2025-11-25,Electronics,South,1,1499,25,1124.25,901.99,222.26
O01639,C0111,2025-11-26,Home,North,4,4999,10,17996.4,9951.91,8044.49
O01640,C0031,2025-11-29,Books,West,2,2999,10,5398.2,2755.42,2642.78
O01641,C0790,2025-11-29,Electronics,West,2,499,15,848.3,437.8,410.5
O01642,C0331,2025-11-26,Electronics,East,4,2999,25,8997.0,6015.83,2981.17
O01643,C0668,2025-11-24,Beauty,East,2,999,20,1598.4,877.51,720.89
O01644,C0513,2025-11-29,Beauty,North,2,1499,15,2548.3,1724.81,823.49
O01645,C0070,2025-11-25,Books,North,4,4999,10,17996.4,9826.5,8169.9
O01646,C0229,2025-11-27,Beauty,West,3,2999,15,7647.45,4018.94,3628.51
O01647,C0137,2025-11-27,Electronics,East,3,1499,20,3597.6,2734.35,863.25
O01648,C0753,2025-11-26,Home,West,1,499,25,374.25,200.99,173.26
O01649,C0383,2025-11-24,Books,West,1,1499,15,1274.15,833.03,441.12
O01650,C0130,2025-11-30,Fashion,East,5,2999,20,11996.0,7082.49,4913.51
O01651,C0672,2025-11-25,Home,West,5,4999,30,17496.5,13680.55,3815.95
O01652,C0442,2025-11-24,Electronics,West,5,999,25,3746.25,2305.83,1440.42
O01653,C0090,2025-11-27,Books,West,2,1499,20,2398.4,1246.35,1152.05
O01654,C0899,2025-11-28,Home,East,3,499,30,1047.9,673.93,373.97
O01655,C0203,2025-11-26,Home,East,2,499,15,848.3,512.56,335.74
O01656,C0505,2025-11-27,Fashion,North,5,499,10,2245.5,1387.48,858.02
O01657,C0407,2025-11-26,Beauty,North,2,1499,25,2248.5,1771.29,477.21
O01658,C0255,2025-11-25,Fashion,South,3,999,25,2247.75,1775.74,472.01
O01659,C0523,2025-11-24,Electronics,North,3,2999,10,8097.3,5266.53,2830.77
O01660,C0738,2025-11-27,Electronics,East,3,4999,10,13497.3,6628.01,6869.29
O01661,C0675,2025-11-26,Fashion,West,1,4999,30,3499.3,3099.03,400.27
O01662,C0412,2025-11-28,Electronics,West,3,4999,10,13497.3,9033.81,4463.49
O01663,C0534,2025-11-30,Electronics,East,5,999,10,4495.5,2906.88,1588.62
O01664,C0013,2025-11-26,Books,North,5,4999,30,17496.5,13797.4,3699.1
O01665,C0222,2025-11-26,Electronics,East,5,499,20,1996.0,1008.03,987.97
O01666,C0050,2025-11-26,Beauty,South,1,4999,10,4499.1,2868.02,1631.08
O01667,C0606,2025-11-28,Electronics,South,3,4999,25,11247.75,9037.04,2210.71
O01668,C0719,2025-11-27,Books,East,1,999,10,899.1,423.88,475.22
O01669,C0077,2025-11-25,Home,West,4,499,15,1696.6,1277.84,418.76
O01670,C0118,2025-11-25,Home,South,4,2999,20,9596.8,5230.82,4365.98
O01671,C0829,2025-11-26,Books,East,4,999,10,3596.4,2054.98,1541.42
O01672,C0177,2025-11-27,Electronics,South,5,1499,30,5246.5,3138.25,2108.25
O01673,C0864,2025-11-26,Beauty,East,1,999,15,849.15,419.34,429.81
O01674,C0893,2025-11-24,Beauty,West,4,1499,25,4497.0,3470.84,1026.16
O01675,C0217,2025-11-24,Home,East,3,2999,30,6297.9,5019.69,1278.21
O01676,C0584,2025-11-29,Beauty,East,1,1499,15,1274.15,947.04,327.11
O01677,C0542,2025-11-27,Fashion,East,1,2999,20,2399.2,1463.29,935.91
O01678,C0024,2025-11-27,Fashion,East,2,999,15,1698.3,1222.29,476.01
O01679,C0191,2025-11-27,Electronics,South,5,2999,25,11246.25,6952.71,4293.54
O01680,C0329,2025-11-28,Beauty,North,5,1499,20,5996.0,3916.15,2079.85
O01681,C0205,2025-11-28,Fashion,East,5,499,20,1996.0,1531.46,464.54
O01682,C0649,2025-11-30,Home,South,1,4999,15,4249.15,2460.75,1788.4
O01683,C0559,2025-11-28,Electronics,South,4,4999,30,13997.2,9762.4,4234.8
O01684,C0391,2025-11-28,Fashion,South,1,2999,30,2099.3,1486.81,612.49
O01685,C0470,2025-11-27,Fashion,South,3,4999,25,11247.75,9036.57,2211.18
O01686,C0826,2025-11-25,Beauty,East,2,2999,30,4198.6,2753.02,1445.58
O01687,C0628,2025-11-29,Books,East,2,1499,10,2698.2,1598.25,1099.95
O01688,C0798,2025-11-24,Fashion,South,3,2999,30,6297.9,5445.86,852.04
O01689,C0510,2025-11-24,Electronics,West,5,499,10,2245.5,1534.98,710.52
O01690,C0019,2025-11-25,Beauty,East,2,4999,20,7998.4,4906.16,3092.24
O01691,C0683,2025-11-25,Home,North,3,2999,15,7647.45,5346.34,2301.11
O01692,C0761,2025-11-25,Fashion,South,3,999,30,2097.9,1253.66,844.24
O01693,C0767,2025-11-27,Beauty,North,1,4999,25,3749.25,3046.86,702.39
O01694,C0264,2025-11-27,Beauty,South,4,2999,25,8997.0,7676.55,1320.45
O01695,C0063,2025-11-26,Electronics,South,1,499,10,449.1,282.17,166.93
O01696,C0867,2025-11-28,Fashion,West,5,1499,15,6370.75,4387.72,1983.03
O01697,C0729,2025-11-27,Books,East,1,499,30,349.3,255.36,93.94
O01698,C0333,2025-11-25,Books,South,2,999,20,1598.4,870.36,728.04
O01699,C0369,2025-11-30,Beauty,West,5,999,15,4245.75,2327.27,1918.48
O01700,C0371,2025-11-27,Home,North,4,999,25,2997.0,2054.13,942.87
O01701,C0353,2025-11-25,Electronics,North,2,499,30,698.6,530.32,168.28
O01702,C0036,2025-11-25,Beauty,South,3,4999,20,11997.6,7618.39,4379.21
O01703,C0729,2025-11-30,Books,West,5,999,30,3496.5,3030.85,465.65
O01704,C0803,2025-11-24,Home,West,5,4999,20,19996.0,11099.94,8896.06
O01705,C0680,2025-11-28,Books,East,3,4999,30,10497.9,6923.31,3574.59
O01706,C0591,2025-11-29,Fashion,South,4,2999,10,10796.4,7438.9,3357.5
O01707,C0655,2025-11-24,Fashion,East,5,1499,15,6370.75,3243.09,3127.66
O01708,C0730,2025-11-29,Beauty,East,3,2999,10,8097.3,5515.55,2581.75
O01709,C0813,2025-11-24,Books,West,4,2999,25,8997.0,6373.89,2623.11
O01710,C0891,2025-11-28,Home,East,2,2999,10,5398.2,3708.43,1689.77
O01711,C0067,2025-11-24,Books,East,3,4999,15,12747.45,8639.26,4108.19
O01712,C0341,2025-11-29,Electronics,North,4,999,15,3396.6,2550.3,846.3
O01713,C0500,2025-11-28,Beauty,South,5,1499,25,5621.25,3398.54,2222.71
O01714,C0598,2025-11-27,Home,East,4,999,30,2797.2,2512.76,284.44
O01715,C0584,2025-11-24,Beauty,South,5,4999,25,18746.25,14240.69,4505.56
O01716,C0661,2025-11-24,Electronics,North,2,499,10,898.2,536.46,361.74
O01717,C0418,2025-11-29,Beauty,North,1,1499,15,1274.15,788.7,485.45
O01718,C0501,2025-11-26,Books,East,4,999,20,3196.8,1684.12,1512.68
O01719,C0780,2025-11-24,Books,West,1,1499,30,1049.3,887.12,162.18
O01720,C0009,2025-11-24,Home,East,4,499,10,1796.4,1129.64,666.76
O01721,C0675,2025-11-25,Beauty,East,5,2999,15,12745.75,7021.02,5724.73
O01722,C0676,2025-11-25,Books,East,5,2999,25,11246.25,7308.45,3937.8
O01723,C0354,2025-11-24,Beauty,North,5,999,10,4495.5,3184.13,1311.37
O01724,C0066,2025-11-25,Fashion,East,5,2999,15,12745.75,8783.1,3962.65
O01725,C0443,2025-11-27,Home,West,2,999,20,1598.4,915.09,683.31
O01726,C0740,2025-11-30,Fashion,West,4,2999,25,8997.0,5436.21,3560.79
O01727,C0212,2025-11-29,Electronics,North,3,4999,25,11247.75,7208.57,4039.18
O01728,C0263,2025-11-24,Beauty,West,3,4999,25,11247.75,8245.6,3002.15
O01729,C0808,2025-11-27,Electronics,North,1,999,30,699.3,407.05,292.25
O01730,C0725,2025-11-27,Books,West,4,1499,25,4497.0,2987.56,1509.44
O01731,C0768,2025-11-24,Beauty,North,3,2999,15,7647.45,5383.93,2263.52
O01732,C0434,2025-11-28,Fashion,North,2,1499,15,2548.3,1475.21,1073.09
O01733,C0397,2025-11-30,Books,East,2,999,20,1598.4,1177.41,420.99
O01734,C0746,2025-11-29,Beauty,West,2,1499,20,2398.4,1597.95,800.45
O01735,C0574,2025-11-30,Electronics,North,2,1499,10,2698.2,1554.87,1143.33
O01736,C0669,2025-11-28,Home,West,4,999,30,2797.2,2286.28,510.92
O01737,C0074,2025-11-25,Beauty,North,4,1499,25,4497.0,3521.4,975.6
O01738,C0415,2025-11-29,Fashion,North,3,4999,30,10497.9,6765.93,3731.97
O01739,C0452,2025-11-26,Beauty,East,5,2999,15,12745.75,9224.3,3521.45
O01740,C0040,2025-11-28,Home,North,3,999,30,2097.9,1848.77,249.13
O01741,C0411,2025-11-25,Electronics,North,5,1499,25,5621.25,4663.15,958.1
O01742,C0121,2025-11-30,Electronics,East,4,999,25,2997.0,1743.35,1253.65
O01743,C0523,2025-11-27,Electronics,East,1,2999,20,2399.2,1241.95,1157.25
O01744,C0670,2025-11-26,Fashion,West,5,499,10,2245.5,1125.55,1119.95
O01745,C0164,2025-11-27,Fashion,East,2,4999,25,7498.5,4911.24,2587.26
O01746,C0481,2025-11-29,Electronics,East,5,4999,25,18746.25,12751.62,5994.63
O01747,C0732,2025-11-30,Electronics,West,3,1499,30,3147.9,2465.17,682.73
O01748,C0394,2025-11-28,Books,North,1,999,30,699.3,629.35,69.95
O01749,C0842,2025-11-27,Electronics,North,3,1499,30,3147.9,2004.63,1143.27
O01750,C0713,2025-11-30,Electronics,South,2,4999,15,8498.3,4541.32,3956.98
O01751,C0483,2025-11-30,Home,West,2,2999,30,4198.6,3256.81,941.79
O01752,C0777,2025-11-28,Books,East,1,999,10,899.1,461.97,437.13
O01753,C0710,2025-11-25,Books,North,1,1499,25,1124.25,780.24,344.01
O01754,C0662,2025-11-26,Electronics,East,5,1499,15,6370.75,4310.35,2060.4
O01755,C0374,2025-11-26,Books,South,4,499,25,1497.0,1015.83,481.17
O01756,C0133,2025-11-29,Books,East,2,999,20,1598.4,979.78,618.62
O01757,C0448,2025-11-25,Electronics,South,5,2999,10,13495.5,9258.01,4237.49
O01758,C0229,2025-11-30,Fashion,East,2,4999,15,8498.3,5519.78,2978.52
O01759,C0510,2025-11-24,Home,South,2,4999,25,7498.5,5316.82,2181.68
O01760,C0161,2025-11-27,Books,East,3,4999,25,11247.75,7124.78,4122.97
O01761,C0369,2025-11-26,Electronics,West,4,1499,25,4497.0,2813.59,1683.41
O01762,C0011,2025-11-24,Books,East,2,4999,15,8498.3,4255.92,4242.38
O01763,C0553,2025-11-27,Home,West,1,4999,30,3499.3,2060.98,1438.32
O01764,C0347,2025-11-28,Electronics,North,3,1499,10,4047.3,2638.81,1408.49
O01765,C0576,2025-11-29,Books,West,3,4999,10,13497.3,6406.99,7090.31
O01766,C0267,2025-11-26,Beauty,West,4,4999,25,14997.0,12016.17,2980.83
O01767,C0831,2025-11-30,Books,West,1,4999,15,4249.15,2557.66,1691.49
O01768,C0303,2025-11-27,Home,South,4,999,25,2997.0,2383.42,613.58
O01769,C0454,2025-11-26,Books,West,2,999,20,1598.4,1207.41,390.99
O01770,C0882,2025-11-25,Fashion,West,2,999,25,1498.5,1087.49,411.01
O01771,C0077,2025-11-26,Electronics,South,2,4999,10,8998.2,5539.22,3458.98
O01772,C0655,2025-11-27,Fashion,East,2,2999,20,4798.4,2709.2,2089.2
O01773,C0119,2025-11-28,Home,North,3,499,20,1197.6,959.44,238.16
O01774,C0770,2025-11-27,Electronics,West,3,499,20,1197.6,775.91,421.69
O01775,C0277,2025-11-26,Books,West,5,2999,15,12745.75,8229.15,4516.6
O01776,C0586,2025-11-28,Home,North,4,999,25,2997.0,1975.67,1021.33
O01777,C0306,2025-11-27,Fashion,West,5,4999,10,22495.5,12741.72,9753.78
O01778,C0662,2025-11-28,Books,East,4,1499,15,5096.6,3318.78,1777.82
O01779,C0610,2025-11-29,Home,East,5,2999,20,11996.0,7894.74,4101.26
O01780,C0647,2025-11-28,Books,East,4,499,15,1696.6,854.9,841.7
O01781,C0067,2025-11-27,Fashion,East,3,1499,30,3147.9,2847.39,300.51
O01782,C0489,2025-11-27,Home,South,2,1499,25,2248.5,1387.31,861.19
O01783,C0520,2025-11-26,Books,West,4,999,10,3596.4,1739.86,1856.54
O01784,C0075,2025-11-30,Books,North,4,1499,25,4497.0,3751.19,745.81
O01785,C0383,2025-11-27,Books,South,5,4999,30,17496.5,12929.13,4567.37
O01786,C0798,2025-11-24,Electronics,East,2,999,30,1398.6,819.42,579.18
O01787,C0758,2025-11-24,Beauty,South,5,499,20,1996.0,1176.8,819.2
O01788,C0034,2025-11-26,Books,North,4,1499,30,4197.2,2944.52,1252.68
O01789,C0190,2025-11-26,Beauty,South,5,999,20,3996.0,2376.27,1619.73
O01790,C0240,2025-11-25,Electronics,West,4,499,15,1696.6,892.43,804.17
O01791,C0811,2025-11-25,Home,West,3,999,15,2547.45,1477.42,1070.03
O01792,C0406,2025-11-30,Fashion,South,3,4999,30,10497.9,6074.3,4423.6
O01793,C0538,2025-11-27,Books,West,1,4999,25,3749.25,3144.65,604.6
O01794,C0566,2025-11-25,Beauty,South,3,2999,30,6297.9,5064.5,1233.4
O01795,C0481,2025-11-27,Fashion,South,4,2999,15,10196.6,4940.56,5256.04
O01796,C0512,2025-11-29,Books,West,4,2999,25,8997.0,4880.05,4116.95
O01797,C0810,2025-11-30,Electronics,East,5,1499,20,5996.0,4826.93,1169.07
O01798,C0144,2025-11-28,Beauty,South,3,1499,10,4047.3,2297.62,1749.68
O01799,C0453,2025-11-28,Fashion,South,5,499,10,2245.5,1008.74,1236.76
O01800,C0530,2025-11-25,Home,East,2,2999,20,4798.4,2620.7,2177.7
O01801,C0312,2025-11-29,Electronics,East,4,999,10,3596.4,1930.63,1665.77
O01802,C0453,2025-11-26,Fashion,West,4,2999,10,10796.4,5001.4,5795.0
O01803,C0734,2025-11-28,Books,West,2,1499,20,2398.4,1614.14,784.26
O01804,C0507,2025-11-26,Home,South,1,4999,30,3499.3,2379.72,1119.58
O01805,C0402,2025-11-26,Books,West,5,499,20,1996.0,1120.13,875.87
O01806,C0635,2025-11-26,Electronics,West,2,2999,30,4198.6,2724.48,1474.12
O01807,C0873,2025-11-24,Beauty,West,1,1499,10,1349.1,898.46,450.64
O01808,C0548,2025-11-24,Home,West,4,999,10,3596.4,2377.1,1219.3
O01809,C0029,2025-11-30,Fashion,West,5,999,30,3496.5,2559.82,936.68
O01810,C0899,2025-11-30,Books,South,5,1499,15,6370.75,3840.8,2529.95
O01811,C0087,2025-11-25,Beauty,North,1,1499,30,1049.3,663.55,385.75
O01812,C0437,2025-11-29,Fashion,North,4,999,10,3596.4,2468.33,1128.07
O01813,C0418,2025-11-28,Home,South,5,1499,30,5246.5,3402.26,1844.24
O01814,C0166,2025-11-25,Books,West,4,4999,10,17996.4,10114.9,7881.5
O01815,C0409,2025-11-27,Beauty,East,4,1499,25,4497.0,2467.25,2029.75
O01816,C0250,2025-11-29,Home,East,3,4999,20,11997.6,7681.85,4315.75
O01817,C0776,2025-11-29,Beauty,West,1,499,20,399.2,317.29,81.91
O01818,C0184,2025-11-26,Books,North,2,1499,10,2698.2,1419.3,1278.9
O01819,C0542,2025-11-27,Fashion,South,1,4999,20,3999.2,3006.8,992.4
O01820,C0369,2025-11-30,Beauty,South,3,2999,30,6297.9,4255.49,2042.41
O01821,C0117,2025-11-24,Home,North,1,4999,10,4499.1,2190.71,2308.39
O01822,C0782,2025-11-26,Books,South,3,499,25,1122.75,873.93,248.82
O01823,C0688,2025-11-24,Beauty,North,1,2999,25,2249.25,1209.93,1039.32
O01824,C0448,2025-11-24,Fashion,East,1,1499,20,1199.2,835.57,363.63
O01825,C0365,2025-11-24,Electronics,North,1,1499,25,1124.25,848.27,275.98
O01826,C0657,2025-11-28,Books,South,3,1499,30,3147.9,2137.05,1010.85
O01827,C0585,2025-11-28,Electronics,West,2,2999,10,5398.2,3008.2,2390.0
O01828,C0341,2025-11-27,Home,North,3,4999,20,11997.6,8337.64,3659.96
O01829,C0414,2025-11-26,Beauty,South,2,2999,15,5098.3,3242.55,1855.75
O01830,C0523,2025-11-29,Electronics,West,2,1499,20,2398.4,1442.94,955.46
O01831,C0067,2025-11-30,Home,South,1,4999,15,4249.15,2294.18,1954.97
O01832,C0728,2025-11-27,Beauty,South,3,1499,30,3147.9,2507.83,640.07
O01833,C0267,2025-11-26,Fashion,North,5,499,10,2245.5,1453.11,792.39
O01834,C0428,2025-11-27,Fashion,East,3,4999,30,10497.9,8994.57,1503.33
O01835,C0386,2025-11-24,Beauty,North,1,1499,10,1349.1,857.21,491.89
O01836,C0216,2025-11-24,Beauty,North,5,4999,30,17496.5,15904.45,1592.05
O01837,C0417,2025-11-28,Books,North,5,4999,10,22495.5,15544.01,6951.49
O01838,C0559,2025-11-26,Beauty,North,2,499,15,848.3,613.25,235.05
O01839,C0104,2025-11-27,Home,East,2,4999,10,8998.2,4911.1,4087.1
O01840,C0379,2025-11-27,Fashion,North,3,2999,25,6747.75,5837.54,910.21
O01841,C0131,2025-11-27,Beauty,West,2,1499,15,2548.3,1515.27,1033.03
O01842,C0599,2025-11-26,Beauty,East,4,999,15,3396.6,2384.25,1012.35
O01843,C0062,2025-11-29,Books,West,4,1499,20,4796.8,2454.05,2342.75
O01844,C0092,2025-11-30,Home,West,1,2999,15,2549.15,1688.46,860.69
O01845,C0177,2025-11-27,Electronics,East,1,2999,10,2699.1,1869.73,829.37
O01846,C0341,2025-11-24,Home,East,3,2999,10,8097.3,5615.6,2481.7
O01847,C0291,2025-11-26,Books,South,1,1499,15,1274.15,760.8,513.35
O01848,C0378,2025-11-26,Electronics,North,5,2999,30,10496.5,7069.42,3427.08
O01849,C0610,2025-11-28,Beauty,West,2,2999,30,4198.6,2465.98,1732.62
O01850,C0561,2025-11-30,Fashion,West,2,499,30,698.6,446.44,252.16
O01851,C0754,2025-11-25,Home,South,2,4999,25,7498.5,6326.0,1172.5
O01852,C0498,2025-11-26,Electronics,East,4,2999,10,10796.4,6912.8,3883.6
O01853,C0175,2025-11-27,Electronics,South,4,1499,20,4796.8,2403.5,2393.3
O01854,C0362,2025-11-26,Beauty,North,3,999,20,2397.6,1314.88,1082.72
O01855,C0441,2025-11-29,Fashion,North,5,999,15,4245.75,3018.55,1227.2
O01856,C0884,2025-11-29,Home,East,2,4999,20,7998.4,6345.87,1652.53
O01857,C0280,2025-11-25,Home,South,1,499,30,349.3,282.81,66.49
O01858,C0555,2025-11-28,Electronics,East,4,1499,10,5396.4,2949.72,2446.68
O01859,C0483,2025-11-24,Fashion,West,5,999,10,4495.5,2545.7,1949.8
O01860,C0680,2025-11-25,Books,South,2,999,20,1598.4,815.49,782.91
O01861,C0255,2025-11-25,Beauty,West,4,4999,10,17996.4,11664.18,6332.22
O01862,C0900,2025-11-27,Fashion,West,2,2999,15,5098.3,2764.84,2333.46
O01863,C0630,2025-11-26,Books,North,4,2999,25,8997.0,5672.37,3324.63
O01864,C0458,2025-11-29,Beauty,East,5,1499,25,5621.25,4005.01,1616.24
O01865,C0622,2025-11-28,Fashion,North,5,999,30,3496.5,2359.55,1136.95
O01866,C0507,2025-11-25,Beauty,West,2,2999,25,4498.5,2918.89,1579.61
O01867,C0005,2025-11-29,Home,South,5,1499,30,5246.5,4804.18,442.32
O01868,C0215,2025-11-30,Fashion,North,4,2999,25,8997.0,6736.25,2260.75
O01869,C0731,2025-11-29,Fashion,North,2,499,25,748.5,430.0,318.5
O01870,C0250,2025-11-26,Electronics,South,4,2999,30,8397.2,4842.83,3554.37
O01871,C0105,2025-11-29,Home,North,5,4999,15,21245.75,11181.59,10064.16
O01872,C0287,2025-11-28,Electronics,South,5,499,10,2245.5,1246.26,999.24
O01873,C0890,2025-11-24,Books,South,2,2999,15,5098.3,3205.55,1892.75
O01874,C0375,2025-11-25,Electronics,North,5,4999,30,17496.5,14025.01,3471.49
O01875,C0558,2025-11-24,Home,West,3,1499,15,3822.45,2432.17,1390.28
O01876,C0594,2025-11-30,Electronics,North,2,1499,10,2698.2,1843.96,854.24
O01877,C0867,2025-11-25,Fashion,West,4,2999,10,10796.4,6298.22,4498.18
O01878,C0145,2025-11-27,Fashion,South,3,499,20,1197.6,747.44,450.16
O01879,C0135,2025-11-25,Home,North,3,2999,30,6297.9,5036.29,1261.61
O01880,C0102,2025-11-30,Fashion,East,5,999,25,3746.25,3198.88,547.37
O01881,C0543,2025-11-26,Electronics,North,1,2999,15,2549.15,1248.38,1300.77
O01882,C0509,2025-11-29,Electronics,West,3,2999,30,6297.9,5600.65,697.25
O01883,C0578,2025-11-28,Beauty,East,2,4999,30,6998.6,4159.91,2838.69
O01884,C0384,2025-11-24,Books,South,2,2999,30,4198.6,2992.49,1206.11
O01885,C0571,2025-11-30,Fashion,North,4,4999,10,17996.4,11811.64,6184.76
O01886,C0483,2025-11-25,Electronics,West,3,499,25,1122.75,955.77,166.98
O01887,C0200,2025-11-28,Electronics,South,1,1499,15,1274.15,816.42,457.73
O01888,C0757,2025-11-29,Beauty,South,1,499,20,399.2,305.08,94.12
O01889,C0182,2025-11-29,Home,West,4,499,25,1497.0,802.03,694.97
O01890,C0460,2025-11-28,Books,South,3,4999,20,11997.6,9346.18,2651.42
O01891,C0546,2025-11-24,Home,South,1,999,15,849.15,514.95,334.2
O01892,C0589,2025-11-27,Fashion,East,2,4999,15,8498.3,4431.42,4066.88
O01893,C0687,2025-11-30,Fashion,East,3,499,10,1347.3,709.85,637.45
O01894,C0088,2025-11-28,Books,West,4,1499,20,4796.8,2750.25,2046.55
O01895,C0560,2025-11-24,Electronics,West,3,1499,30,3147.9,2100.4,1047.5
O01896,C0222,2025-11-27,Beauty,South,5,999,20,3996.0,2938.96,1057.04
O01897,C0666,2025-11-26,Electronics,East,4,1499,20,4796.8,3864.53,932.27
O01898,C0370,2025-11-24,Electronics,West,3,4999,15,12747.45,8022.13,4725.32
O01899,C0750,2025-11-25,Electronics,West,4,499,30,1397.2,1088.35,308.85
O01900,C0785,2025-11-26,Books,North,2,499,10,898.2,597.2,301.0
O01901,C0826,2025-11-30,Home,West,3,999,15,2547.45,1375.98,1171.47
O01902,C0050,2025-11-24,Home,West,5,2999,20,11996.0,6066.93,5929.07
O01903,C0214,2025-11-26,Fashion,North,1,499,30,349.3,284.08,65.22
O01904,C0393,2025-11-24,Books,South,4,999,15,3396.6,2407.04,989.56
O01905,C0396,2025-11-27,Fashion,South,1,2999,20,2399.2,1297.41,1101.79
O01906,C0563,2025-11-25,Fashion,North,1,2999,10,2699.1,1419.15,1279.95
O01907,C0460,2025-11-24,Books,East,1,499,25,374.25,210.29,163.96
O01908,C0781,2025-11-24,Books,East,3,2999,20,7197.6,3702.72,3494.88
O01909,C0727,2025-11-24,Electronics,East,1,4999,10,4499.1,2746.97,1752.13
O01910,C0162,2025-11-30,Beauty,South,4,2999,15,10196.6,6710.83,3485.77
O01911,C0819,2025-11-27,Fashion,East,3,4999,20,11997.6,6325.09,5672.51
O01912,C0029,2025-11-25,Fashion,West,2,1499,10,2698.2,1378.94,1319.26
O01913,C0335,2025-11-29,Beauty,North,4,499,10,1796.4,996.43,799.97
O01914,C0198,2025-11-26,Beauty,West,2,1499,30,2098.6,1324.82,773.78
O01915,C0594,2025-11-24,Home,West,4,1499,10,5396.4,3394.17,2002.23
O01916,C0132,2025-11-29,Beauty,West,1,2999,20,2399.2,1343.28,1055.92
O01917,C0324,2025-11-28,Beauty,North,3,999,25,2247.75,1936.83,310.92
O01918,C0109,2025-11-26,Electronics,North,4,4999,15,16996.6,8491.47,8505.13
O01919,C0119,2025-11-25,Home,East,1,1499,15,1274.15,870.66,403.49
O01920,C0077,2025-11-29,Fashion,West,3,1499,25,3372.75,2293.02,1079.73
O01921,C0001,2025-11-29,Beauty,West,1,2999,20,2399.2,1268.88,1130.32
O01922,C0326,2025-11-29,Electronics,East,5,1499,20,5996.0,4693.17,1302.83
O01923,C0126,2025-11-29,Electronics,West,4,499,15,1696.6,925.23,771.37
O01924,C0107,2025-11-25,Electronics,North,4,499,25,1497.0,812.83,684.17
O01925,C0227,2025-11-30,Electronics,North,1,999,25,749.25,452.85,296.4
O01926,C0326,2025-11-27,Books,West,4,999,10,3596.4,2534.99,1061.41
O01927,C0066,2025-11-28,Electronics,East,3,2999,20,7197.6,3626.28,3571.32
O01928,C0727,2025-11-30,Beauty,South,3,999,25,2247.75,1740.36,507.39
O01929,C0287,2025-11-25,Home,South,3,499,10,1347.3,756.41,590.89
O01930,C0485,2025-11-26,Home,West,3,499,10,1347.3,693.66,653.64
O01931,C0541,2025-11-25,Fashion,South,4,999,20,3196.8,2507.06,689.74
O01932,C0076,2025-11-30,Electronics,West,1,2999,20,2399.2,1294.29,1104.91
O01933,C0531,2025-11-30,Books,East,5,1499,25,5621.25,3100.71,2520.54
O01934,C0286,2025-11-29,Beauty,West,1,1499,30,1049.3,655.37,393.93
O01935,C0508,2025-11-26,Beauty,East,3,999,10,2697.3,1832.29,865.01
O01936,C0444,2025-11-30,Home,East,3,999,15,2547.45,1272.64,1274.81
O01937,C0662,2025-11-30,Home,North,1,2999,10,2699.1,1783.75,915.35
O01938,C0669,2025-11-24,Fashion,East,1,999,25,749.25,644.45,104.8
O01939,C0013,2025-11-27,Books,North,4,999,10,3596.4,2354.56,1241.84
O01940,C0701,2025-11-29,Home,West,4,4999,25,14997.0,10880.84,4116.16
O01941,C0785,2025-11-28,Fashion,North,4,499,10,1796.4,1076.56,719.84
O01942,C0285,2025-11-29,Home,West,3,499,20,1197.6,836.07,361.53
O01943,C0719,2025-11-25,Home,West,3,2999,15,7647.45,4134.39,3513.06
O01944,C0097,2025-11-29,Beauty,East,2,2999,30,4198.6,3115.68,1082.92
O01945,C0829,2025-11-30,Beauty,East,2,1499,15,2548.3,1256.54,1291.76
O01946,C0220,2025-11-27,Electronics,North,1,1499,10,1349.1,897.59,451.51
O01947,C0571,2025-11-28,Beauty,East,1,4999,20,3999.2,2776.17,1223.03
O01948,C0022,2025-11-26,Home,North,1,4999,20,3999.2,2211.0,1788.2
O01949,C0157,2025-11-28,Electronics,East,5,1499,25,5621.25,4725.04,896.21
O01950,C0051,2025-11-27,Fashion,South,4,999,25,2997.0,1996.22,1000.78
O01951,C0098,2025-11-24,Books,East,3,499,25,1122.75,950.56,172.19
O01952,C0500,2025-11-28,Books,North,3,499,25,1122.75,665.23,457.52
O01953,C0819,2025-11-25,Electronics,North,5,4999,10,22495.5,12458.46,10037.04
O01954,C0341,2025-11-28,Fashion,South,2,499,25,748.5,632.87,115.63
O01955,C0190,2025-11-26,Beauty,West,2,999,15,1698.3,1276.51,421.79
O01956,C0707,2025-11-29,Fashion,East,4,999,20,3196.8,1600.71,1596.09
O01957,C0472,2025-11-29,Electronics,East,4,499,25,1497.0,885.66,611.34
O01958,C0509,2025-11-29,Beauty,South,1,999,20,799.2,597.19,202.01
O01959,C0239,2025-11-29,Beauty,East,2,999,20,1598.4,1124.15,474.25
O01960,C0013,2025-11-28,Home,South,2,499,20,798.4,579.45,218.95
O01961,C0493,2025-11-26,Electronics,East,1,2999,30,2099.3,1378.39,720.91
O01962,C0632,2025-11-26,Fashion,East,5,2999,10,13495.5,8313.28,5182.22
O01963,C0868,2025-11-30,Home,South,1,1499,30,1049.3,650.54,398.76
O01964,C0869,2025-11-29,Books,West,1,4999,20,3999.2,2448.13,1551.07
O01965,C0303,2025-11-29,Fashion,West,4,4999,30,13997.2,9116.86,4880.34
O01966,C0153,2025-11-25,Books,North,2,2999,30,4198.6,2921.38,1277.22
O01967,C0088,2025-11-25,Home,North,4,499,15,1696.6,1089.31,607.29
O01968,C0052,2025-11-24,Electronics,West,1,499,15,424.15,281.39,142.76
O01969,C0693,2025-11-24,Fashion,East,3,999,20,2397.6,1907.25,490.35
O01970,C0853,2025-11-30,Home,North,4,4999,20,15996.8,12770.84,3225.96
O01971,C0130,2025-11-25,Fashion,South,2,999,15,1698.3,1210.18,488.12
O01972,C0537,2025-11-30,Home,West,1,4999,25,3749.25,2981.09,768.16
O01973,C0851,2025-11-30,Electronics,South,1,4999,20,3999.2,2258.55,1740.65
O01974,C0576,2025-11-27,Books,South,4,499,30,1397.2,1284.9,112.3
O01975,C0115,2025-11-27,Books,South,4,4999,15,16996.6,8617.75,8378.85
O01976,C0633,2025-11-30,Books,South,2,2999,10,5398.2,3172.74,2225.46
O01977,C0238,2025-11-24,Beauty,East,4,499,20,1596.8,851.65,745.15
O01978,C0792,2025-11-30,Fashion,North,3,4999,30,10497.9,8095.05,2402.85
O01979,C0449,2025-11-29,Fashion,North,2,2999,20,4798.4,3875.62,922.78
O01980,C0688,2025-11-26,Books,East,1,999,15,849.15,510.84,338.31
O01981,C0321,2025-11-26,Electronics,West,4,999,20,3196.8,2439.87,756.93
O01982,C0239,2025-11-26,Home,South,4,499,10,1796.4,958.52,837.88
O01983,C0684,2025-11-24,Books,North,2,1499,30,2098.6,1741.5,357.1
O01984,C0238,2025-11-28,Home,North,5,999,30,3496.5,2812.07,684.43
O01985,C0606,2025-11-28,Fashion,East,2,4999,20,7998.4,5229.34,2769.06
O01986,C0072,2025-11-26,Beauty,East,5,2999,20,11996.0,6819.66,5176.34
O01987,C0035,2025-11-27,Electronics,West,1,1499,15,1274.15,680.68,593.47
O01988,C0679,2025-11-29,Beauty,South,4,2999,25,8997.0,4980.9,4016.1
O01989,C0071,2025-11-29,Beauty,North,2,499,10,898.2,542.18,356.02
O01990,C0226,2025-11-24,Books,South,1,4999,20,3999.2,2420.72,1578.48
O01991,C0262,2025-11-29,Electronics,South,4,999,10,3596.4,2438.58,1157.82
O01992,C0478,2025-11-24,Fashion,West,4,2999,30,8397.2,5029.85,3367.35
O01993,C0831,2025-11-28,Books,South,5,999,10,4495.5,2515.19,1980.31
O01994,C0380,2025-11-28,Fashion,North,1,499,20,399.2,322.47,76.73
O01995,C0849,2025-11-26,Beauty,East,4,999,10,3596.4,1989.16,1607.24
O01996,C0490,2025-11-25,Fashion,East,2,1499,25,2248.5,1618.08,630.42
O01997,C0855,2025-11-25,Books,North,3,499,25,1122.75,952.48,170.27
O01998,C0452,2025-11-28,Electronics,South,3,999,25,2247.75,1803.5,444.25
O01999,C0766,2025-11-29,Electronics,East,1,2999,15,2549.15,1879.27,669.88
O02000,C0240,2025-11-26,Home,North,4,4999,30,13997.2,8111.85,5885.35
O02001,C0822,2025-11-30,Beauty,East,5,499,30,1746.5,1375.05,371.45
O02002,C0721,2025-11-27,Books,North,3,1499,25,3372.75,2166.03,1206.72
O02003,C0035,2025-11-26,Home,North,4,1499,20,4796.8,3891.48,905.32
O02004,C0682,2025-11-26,Beauty,West,3,499,20,1197.6,944.32,253.28
O02005,C0050,2025-11-24,Beauty,West,3,499,30,1047.9,893.36,154.54
O02006,C0037,2025-11-24,Electronics,South,3,4999,30,10497.9,8546.62,1951.28
O02007,C0358,2025-11-29,Books,North,3,499,20,1197.6,925.57,272.03
O02008,C0864,2025-11-26,Home,West,4,2999,10,10796.4,6510.56,4285.84
O02009,C0051,2025-11-24,Electronics,East,3,1499,30,3147.9,2088.16,1059.74
O02010,C0261,2025-11-30,Home,East,1,499,20,399.2,288.57,110.63
O02011,C0217,2025-11-26,Books,West,5,2999,25,11246.25,7978.93,3267.32
O02012,C0289,2025-11-28,Books,South,3,999,20,2397.6,1503.21,894.39
O02013,C0455,2025-11-27,Electronics,North,3,2999,25,6747.75,3901.44,2846.31
O02014,C0617,2025-11-26,Electronics,North,2,4999,10,8998.2,5740.55,3257.65
O02015,C0110,2025-11-30,Beauty,East,5,499,15,2120.75,1414.41,706.34
O02016,C0121,2025-11-26,Books,East,2,1499,10,2698.2,1616.58,1081.62
O02017,C0347,2025-11-24,Beauty,North,5,499,20,1996.0,1147.87,848.13
O02018,C0701,2025-11-26,Beauty,West,4,1499,10,5396.4,3345.7,2050.7
O02019,C0708,2025-11-25,Fashion,South,4,999,10,3596.4,2223.62,1372.78
O02020,C0060,2025-11-25,Home,East,1,4999,25,3749.25,2502.0,1247.25
O02021,C0300,2025-11-26,Beauty,West,4,499,25,1497.0,1052.84,444.16
O02022,C0778,2025-11-25,Home,East,3,1499,30,3147.9,2481.15,666.75
O02023,C0792,2025-11-24,Electronics,South,1,4999,15,4249.15,2231.08,2018.07
O02024,C0700,2025-11-29,Home,West,4,999,20,3196.8,2539.18,657.62
O02025,C0735,2025-11-26,Books,North,5,999,30,3496.5,2569.38,927.12
O02026,C0590,2025-11-26,Electronics,North,3,1499,30,3147.9,2821.29,326.61
O02027,C0779,2025-11-30,Books,East,5,1499,25,5621.25,3634.62,1986.63
O02028,C0767,2025-11-26,Books,West,4,999,30,2797.2,1752.91,1044.29
O02029,C0490,2025-11-27,Beauty,West,5,499,25,1871.25,1467.03,404.22
O02030,C0464,2025-11-28,Electronics,East,3,4999,25,11247.75,9467.73,1780.02
O02031,C0577,2025-11-24,Books,West,2,1499,15,2548.3,1461.98,1086.32
O02032,C0586,2025-11-27,Home,West,1,2999,15,2549.15,1834.4,714.75
O02033,C0410,2025-11-30,Electronics,North,4,2999,25,8997.0,6073.28,2923.72
O02034,C0374,2025-11-25,Beauty,East,5,499,30,1746.5,1116.34,630.16
O02035,C0626,2025-11-25,Electronics,West,2,1499,30,2098.6,1692.24,406.36
O02036,C0868,2025-11-24,Books,East,4,4999,25,14997.0,12224.86,2772.14
O02037,C0027,2025-11-29,Home,West,4,2999,20,9596.8,6523.31,3073.49
O02038,C0678,2025-11-26,Home,West,2,4999,25,7498.5,5211.3,2287.2
O02039,C0364,2025-11-30,Beauty,West,4,2999,10,10796.4,5613.2,5183.2
O02040,C0768,2025-11-24,Electronics,East,1,999,20,799.2,648.36,150.84
O02041,C0037,2025-11-29,Books,East,3,1499,20,3597.6,2493.25,1104.35
O02042,C0646,2025-11-25,Beauty,East,4,1499,15,5096.6,2953.33,2143.27
O02043,C0751,2025-11-26,Beauty,West,3,4999,20,11997.6,7337.04,4660.56
O02044,C0707,2025-11-26,Fashion,North,4,999,15,3396.6,2425.65,970.95
O02045,C0221,2025-11-30,Electronics,West,3,499,30,1047.9,935.06,112.84
O02046,C0641,2025-11-29,Fashion,West,2,2999,25,4498.5,2595.25,1903.25
O02047,C0570,2025-11-27,Electronics,East,4,4999,20,15996.8,11358.98,4637.82
O02048,C0420,2025-11-27,Books,North,2,2999,25,4498.5,2433.46,2065.04
O02049,C0314,2025-11-26,Books,South,2,2999,25,4498.5,3420.88,1077.62
O02050,C0048,2025-11-24,Beauty,West,5,1499,15,6370.75,4294.57,2076.18
O02051,C0508,2025-11-30,Beauty,East,1,2999,20,2399.2,1367.49,1031.71
O02052,C0295,2025-11-28,Electronics,North,2,1499,25,2248.5,1278.78,969.72
O02053,C0023,2025-11-30,Beauty,South,4,999,25,2997.0,2179.76,817.24
O02054,C0102,2025-11-27,Books,North,3,4999,15,12747.45,7289.55,5457.9
O02055,C0064,2025-11-27,Books,South,3,2999,30,6297.9,4670.41,1627.49
O02056,C0022,2025-11-28,Electronics,South,2,499,25,748.5,566.34,182.16
O02057,C0214,2025-11-30,Beauty,East,2,1499,30,2098.6,1212.98,885.62
O02058,C0734,2025-11-25,Home,East,2,999,25,1498.5,1086.02,412.48
O02059,C0389,2025-11-29,Books,East,1,4999,10,4499.1,2112.44,2386.66
O02060,C0711,2025-11-25,Books,East,5,4999,10,22495.5,10735.25,11760.25
O02061,C0110,2025-11-28,Fashion,West,4,1499,10,5396.4,2769.07,2627.33
O02062,C0366,2025-11-28,Home,North,5,499,20,1996.0,1269.11,726.89
O02063,C0847,2025-11-25,Books,North,1,999,10,899.1,601.83,297.27
O02064,C0697,2025-11-27,Books,East,3,4999,25,11247.75,9687.55,1560.2
O02065,C0298,2025-11-30,Fashion,South,2,999,30,1398.6,1272.45,126.15
O02066,C0543,2025-11-28,Home,West,4,1499,20,4796.8,3727.44,1069.36
O02067,C0643,2025-11-28,Home,North,2,2999,25,4498.5,2761.06,1737.44
O02068,C0487,2025-11-30,Fashion,North,2,499,15,848.3,617.31,230.99
O02069,C0411,2025-11-25,Home,North,4,4999,15,16996.6,12067.69,4928.91
O02070,C0455,2025-11-28,Books,South,3,1499,15,3822.45,1976.36,1846.09
O02071,C0478,2025-11-25,Beauty,West,3,1499,30,3147.9,2075.46,1072.44
O02072,C0682,2025-11-28,Books,East,4,4999,15,16996.6,11666.68,5329.92
O02073,C0447,2025-11-27,Fashion,West,5,499,15,2120.75,1531.33,589.42
O02074,C0393,2025-11-28,Electronics,North,4,1499,25,4497.0,3580.29,916.71
O02075,C0893,2025-11-30,Fashion,West,3,499,25,1122.75,740.79,381.96
O02076,C0768,2025-11-26,Electronics,East,5,2999,20,11996.0,6682.68,5313.32
O02077,C0052,2025-11-25,Electronics,East,4,999,10,3596.4,2263.45,1332.95
O02078,C0009,2025-11-27,Electronics,North,1,1499,10,1349.1,863.56,485.54
O02079,C0705,2025-11-25,Beauty,North,2,4999,20,7998.4,4622.46,3375.94
O02080,C0103,2025-11-26,Books,West,2,2999,20,4798.4,3055.69,1742.71
O02081,C0597,2025-11-25,Home,South,2,1499,20,2398.4,1221.66,1176.74
O02082,C0737,2025-11-26,Books,East,1,499,10,449.1,309.66,139.44
O02083,C0897,2025-11-24,Fashion,West,3,2999,25,6747.75,5495.69,1252.06
O02084,C0710,2025-11-27,Home,South,1,499,10,449.1,322.74,126.36
O02085,C0029,2025-11-30,Beauty,South,1,2999,20,2399.2,1510.64,888.56
O02086,C0718,2025-11-30,Beauty,South,1,999,10,899.1,575.83,323.27
O02087,C0493,2025-11-30,Electronics,North,4,999,15,3396.6,2431.38,965.22
O02088,C0424,2025-11-25,Electronics,South,1,499,20,399.2,270.17,129.03
O02089,C0426,2025-11-24,Fashion,West,2,1499,10,2698.2,1935.83,762.37
O02090,C0413,2025-11-24,Fashion,East,3,1499,30,3147.9,2278.13,869.77
O02091,C0740,2025-11-24,Home,West,1,1499,15,1274.15,727.54,546.61
O02092,C0032,2025-11-30,Electronics,East,1,499,30,349.3,288.32,60.98
O02093,C0765,2025-11-25,Electronics,North,3,499,10,1347.3,933.45,413.85
O02094,C0833,2025-11-29,Beauty,North,5,1499,30,5246.5,4809.93,436.57
O02095,C0196,2025-11-30,Home,West,2,2999,25,4498.5,3299.54,1198.96
O02096,C0868,2025-11-26,Home,East,4,4999,25,14997.0,10083.68,4913.32
O02097,C0009,2025-11-30,Home,South,4,999,20,3196.8,2070.12,1126.68
O02098,C0776,2025-11-24,Beauty,East,2,1499,25,2248.5,1847.45,401.05
O02099,C0779,2025-11-27,Home,East,5,2999,10,13495.5,8923.38,4572.12
O02100,C0511,2025-11-24,Electronics,East,1,4999,15,4249.15,2622.78,1626.37
O02101,C0378,2025-11-28,Electronics,North,5,4999,10,22495.5,12389.29,10106.21
O02102,C0502,2025-11-24,Books,South,5,2999,20,11996.0,7325.51,4670.49
O02103,C0334,2025-11-24,Home,East,4,2999,30,8397.2,5942.27,2454.93
O02104,C0286,2025-11-29,Fashion,East,3,499,20,1197.6,937.92,259.68
O02105,C0020,2025-11-28,Books,North,2,2999,25,4498.5,3585.27,913.23
O02106,C0127,2025-11-25,Beauty,West,3,499,10,1347.3,721.71,625.59
O02107,C0633,2025-11-27,Electronics,East,2,2999,30,4198.6,2777.17,1421.43
O02108,C0577,2025-11-29,Books,North,2,1499,10,2698.2,1507.23,1190.97
O02109,C0392,2025-11-29,Books,North,3,999,10,2697.3,1532.43,1164.87
O02110,C0080,2025-11-26,Fashion,West,4,499,10,1796.4,1012.56,783.84
O02111,C0232,2025-11-28,Beauty,West,3,4999,25,11247.75,6576.79,4670.96
O02112,C0125,2025-11-30,Beauty,North,4,499,10,1796.4,954.53,841.87
O02113,C0443,2025-11-24,Electronics,West,3,499,10,1347.3,896.9,450.4
O02114,C0006,2025-11-27,Beauty,East,3,499,30,1047.9,928.36,119.54
O02115,C0372,2025-11-27,Beauty,North,2,4999,20,7998.4,6433.51,1564.89
O02116,C0047,2025-11-27,Beauty,West,5,2999,25,11246.25,7805.72,3440.53
O02117,C0818,2025-11-30,Fashion,South,2,499,30,698.6,580.37,118.23
O02118,C0011,2025-11-29,Books,South,3,4999,10,13497.3,6969.65,6527.65
O02119,C0181,2025-11-29,Home,West,1,1499,15,1274.15,769.17,504.98
O02120,C0849,2025-11-27,Home,North,5,999,15,4245.75,2526.0,1719.75
O02121,C0789,2025-11-24,Home,East,5,4999,10,22495.5,11063.9,11431.6
O02122,C0868,2025-11-28,Books,North,3,2999,25,6747.75,4927.88,1819.87
O02123,C0415,2025-11-30,Fashion,North,1,999,15,849.15,485.07,364.08
O02124,C0015,2025-11-30,Books,North,5,999,25,3746.25,2117.93,1628.32
O02125,C0040,2025-11-30,Electronics,West,2,1499,25,2248.5,1816.64,431.86
O02126,C0469,2025-11-24,Fashion,East,2,499,25,748.5,578.41,170.09
O02127,C0638,2025-11-24,Home,North,3,4999,20,11997.6,9316.88,2680.72
O02128,C0447,2025-11-29,Beauty,South,4,2999,25,8997.0,7057.48,1939.52
O02129,C0407,2025-11-30,Fashion,West,5,2999,20,11996.0,8028.65,3967.35
O02130,C0883,2025-11-27,Books,West,1,999,20,799.2,460.41,338.79
O02131,C0183,2025-11-26,Home,East,2,999,10,1798.2,1108.31,689.89
O02132,C0275,2025-11-24,Books,West,1,4999,10,4499.1,2483.52,2015.58
O02133,C0666,2025-11-30,Books,West,5,2999,15,12745.75,9080.81,3664.94
O02134,C0295,2025-11-24,Electronics,North,1,4999,15,4249.15,2794.44,1454.71
O02135,C0300,2025-11-28,Home,South,1,2999,25,2249.25,1441.48,807.77
O02136,C0284,2025-11-27,Electronics,South,5,999,10,4495.5,2942.64,1552.86
O02137,C0624,2025-11-29,Beauty,North,3,2999,10,8097.3,5193.34,2903.96
O02138,C0700,2025-11-25,Beauty,East,4,1499,30,4197.2,3690.84,506.36
O02139,C0626,2025-11-24,Home,South,5,499,20,1996.0,1174.3,821.7
O02140,C0501,2025-11-29,Books,North,1,1499,25,1124.25,605.13,519.12
O02141,C0117,2025-11-25,Electronics,North,2,2999,25,4498.5,2793.4,1705.1
O02142,C0559,2025-11-26,Beauty,East,3,499,10,1347.3,933.76,413.54
O02143,C0521,2025-11-30,Electronics,East,3,2999,15,7647.45,5629.66,2017.79
O02144,C0164,2025-11-28,Fashion,East,2,2999,20,4798.4,2435.73,2362.67
O02145,C0230,2025-11-25,Electronics,East,1,2999,15,2549.15,1457.87,1091.28
O02146,C0863,2025-11-26,Electronics,North,2,4999,20,7998.4,4181.58,3816.82
O02147,C0083,2025-11-24,Beauty,West,2,1499,15,2548.3,1388.74,1159.56
O02148,C0887,2025-11-28,Electronics,East,3,499,20,1197.6,644.49,553.11
O02149,C0095,2025-11-30,Home,North,1,4999,10,4499.1,2448.08,2051.02
O02150,C0648,2025-11-24,Home,East,2,499,10,898.2,522.11,376.09
O02151,C0858,2025-11-25,Fashion,South,1,1499,25,1124.25,817.13,307.12
O02152,C0793,2025-11-27,Books,East,4,2999,30,8397.2,5234.45,3162.75
O02153,C0627,2025-11-25,Electronics,South,4,999,30,2797.2,2063.4,733.8
O02154,C0385,2025-11-24,Home,West,3,999,15,2547.45,1650.4,897.05
O02155,C0153,2025-11-26,Electronics,South,2,2999,10,5398.2,3057.39,2340.81
O02156,C0631,2025-11-24,Fashion,East,4,999,30,2797.2,2442.87,354.33
O02157,C0441,2025-11-27,Books,East,5,499,30,1746.5,1136.37,610.13
O02158,C0438,2025-11-26,Fashion,North,2,2999,20,4798.4,2710.44,2087.96
O02159,C0287,2025-11-26,Beauty,North,3,1499,30,3147.9,2894.89,253.01
O02160,C0112,2025-11-26,Beauty,South,3,499,30,1047.9,817.23,230.67
O02161,C0593,2025-11-27,Beauty,South,1,4999,25,3749.25,2771.16,978.09
O02162,C0288,2025-11-25,Fashion,South,2,499,15,848.3,448.72,399.58
O02163,C0246,2025-11-24,Books,West,2,4999,30,6998.6,5577.27,1421.33
O02164,C0744,2025-11-29,Fashion,West,1,999,20,799.2,406.37,392.83
O02165,C0318,2025-11-25,Books,West,1,1499,10,1349.1,608.69,740.41
O02166,C0042,2025-11-30,Beauty,South,4,2999,30,8397.2,5707.73,2689.47
O02167,C0489,2025-11-29,Books,West,4,499,15,1696.6,1029.99,666.61
O02168,C0366,2025-11-25,Beauty,South,4,999,25,2997.0,2101.36,895.64
O02169,C0151,2025-11-25,Fashion,North,5,499,30,1746.5,1481.18,265.32
O02170,C0817,2025-11-28,Books,South,5,2999,10,13495.5,6348.01,7147.49
O02171,C0704,2025-11-27,Home,North,3,2999,25,6747.75,3712.11,3035.64
O02172,C0577,2025-11-28,Beauty,South,5,2999,15,12745.75,6389.04,6356.71
O02173,C0703,2025-11-25,Books,North,4,2999,30,8397.2,7600.98,796.22
O02174,C0015,2025-11-27,Beauty,North,4,4999,30,13997.2,9934.05,4063.15
O02175,C0745,2025-11-30,Fashion,East,2,2999,30,4198.6,2469.6,1729.0
O02176,C0516,2025-11-24,Beauty,North,2,4999,20,7998.4,4942.59,3055.81
O02177,C0293,2025-11-24,Books,West,4,4999,15,16996.6,8782.16,8214.44
O02178,C0043,2025-11-28,Electronics,South,5,2999,10,13495.5,6811.27,6684.23
O02179,C0871,2025-11-26,Home,East,3,4999,10,13497.3,8315.09,5182.21
O02180,C0840,2025-11-30,Home,South,5,2999,30,10496.5,8147.96,2348.54
O02181,C0326,2025-11-28,Beauty,West,2,1499,25,2248.5,1873.8,374.7
O02182,C0222,2025-11-24,Books,North,2,2999,10,5398.2,2673.31,2724.89
O02183,C0328,2025-11-29,Books,West,4,2999,25,8997.0,5691.04,3305.96
O02184,C0743,2025-11-28,Electronics,South,3,999,10,2697.3,1596.8,1100.5
O02185,C0658,2025-11-30,Home,South,4,4999,15,16996.6,12609.21,4387.39
O02186,C0898,2025-11-30,Books,West,4,499,15,1696.6,1007.12,689.48
O02187,C0328,2025-11-27,Books,North,1,1499,10,1349.1,724.63,624.47
O02188,C0291,2025-11-30,Fashion,North,2,2999,15,5098.3,3470.45,1627.85
O02189,C0277,2025-11-27,Books,East,4,1499,25,4497.0,3870.7,626.3
O02190,C0509,2025-11-28,Fashion,West,3,999,15,2547.45,1824.47,722.98
O02191,C0632,2025-11-27,Beauty,West,2,499,20,798.4,561.2,237.2
O02192,C0015,2025-11-27,Books,East,2,499,30,698.6,476.27,222.33
O02193,C0341,2025-11-27,Beauty,East,4,1499,10,5396.4,3543.6,1852.8
O02194,C0630,2025-11-29,Beauty,East,4,2999,15,10196.6,5148.82,5047.78
O02195,C0352,2025-11-29,Home,South,4,1499,15,5096.6,2872.23,2224.37
O02196,C0412,2025-11-27,Fashion,South,3,1499,30,3147.9,2684.99,462.91
O02197,C0166,2025-11-25,Beauty,West,5,4999,10,22495.5,16209.11,6286.39
O02198,C0025,2025-11-24,Home,East,5,1499,10,6745.5,3810.19,2935.31
O02199,C0735,2025-11-25,Books,West,1,999,30,699.3,440.47,258.83
O02200,C0631,2025-11-25,Fashion,West,5,4999,15,21245.75,16178.15,5067.6
O02201,C0259,2025-11-27,Books,West,2,999,20,1598.4,1122.33,476.07
O02202,C0089,2025-11-24,Fashion,East,2,4999,25,7498.5,6232.35,1266.15
O02203,C0568,2025-11-24,Books,East,4,1499,25,4497.0,2801.16,1695.84
O02204,C0853,2025-11-30,Books,South,2,2999,10,5398.2,3457.9,1940.3
O02205,C0375,2025-11-24,Beauty,North,4,999,25,2997.0,1829.98,1167.02
O02206,C0423,2025-11-30,Home,West,1,499,15,424.15,302.13,122.02
O02207,C0620,2025-11-30,Electronics,North,1,4999,25,3749.25,2093.92,1655.33
O02208,C0402,2025-11-26,Books,East,1,499,30,349.3,212.87,136.43
O02209,C0255,2025-11-24,Electronics,North,3,1499,20,3597.6,2850.53,747.07
O02210,C0134,2025-11-29,Beauty,East,4,4999,20,15996.8,12268.6,3728.2
O02211,C0732,2025-11-25,Home,West,2,499,20,798.4,444.33,354.07
O02212,C0204,2025-11-25,Electronics,West,2,499,25,748.5,592.25,156.25
O02213,C0109,2025-11-24,Beauty,North,4,1499,25,4497.0,3252.16,1244.84
O02214,C0834,2025-11-27,Electronics,South,5,2999,10,13495.5,9238.91,4256.59
O02215,C0023,2025-11-27,Home,South,3,499,15,1272.45,732.63,539.82
O02216,C0264,2025-11-25,Home,East,2,2999,25,4498.5,3760.98,737.52
O02217,C0690,2025-11-29,Home,North,4,1499,15,5096.6,3773.9,1322.7
O02218,C0503,2025-11-29,Home,North,3,999,20,2397.6,1572.74,824.86
O02219,C0383,2025-11-29,Books,East,1,2999,10,2699.1,1317.28,1381.82
O02220,C0352,2025-11-26,Books,West,2,4999,30,6998.6,5801.78,1196.82
O02221,C0742,2025-11-24,Home,East,3,4999,15,12747.45,6221.26,6526.19
O02222,C0051,2025-11-30,Electronics,West,2,4999,15,8498.3,5905.57,2592.73
O02223,C0253,2025-11-29,Fashion,West,3,999,10,2697.3,1880.83,816.47
O02224,C0295,2025-11-25,Fashion,South,4,1499,20,4796.8,3362.81,1433.99
O02225,C0538,2025-11-27,Beauty,East,5,1499,20,5996.0,4270.47,1725.53
O02226,C0133,2025-11-26,Beauty,East,1,1499,25,1124.25,953.02,171.23
O02227,C0809,2025-11-29,Books,South,5,2999,15,12745.75,8948.63,3797.12
O02228,C0420,2025-11-27,Electronics,North,3,499,30,1047.9,896.36,151.54
O02229,C0299,2025-11-26,Fashion,South,1,4999,30,3499.3,2552.36,946.94
O02230,C0652,2025-11-26,Fashion,North,5,4999,15,21245.75,10410.59,10835.16
O02231,C0519,2025-11-26,Books,West,2,4999,15,8498.3,5058.17,3440.13
O02232,C0074,2025-11-24,Home,East,1,999,20,799.2,528.4,270.8
O02233,C0371,2025-11-30,Books,East,4,4999,30,13997.2,10837.21,3159.99
O02234,C0359,2025-11-24,Fashion,South,2,1499,20,2398.4,1867.93,530.47
O02235,C0734,2025-11-30,Beauty,North,3,999,20,2397.6,1405.02,992.58
O02236,C0222,2025-11-24,Fashion,East,5,499,25,1871.25,1530.26,340.99
O02237,C0461,2025-11-28,Home,East,5,1499,15,6370.75,3602.62,2768.13
O02238,C0708,2025-11-29,Electronics,South,5,499,25,1871.25,1128.53,742.72
O02239,C0814,2025-11-24,Fashion,West,5,999,10,4495.5,2793.67,1701.83
O02240,C0524,2025-11-24,Home,East,3,999,10,2697.3,1927.16,770.14
O02241,C0223,2025-11-30,Beauty,West,3,2999,30,6297.9,4735.17,1562.73
O02242,C0029,2025-11-27,Electronics,East,1,2999,10,2699.1,1476.95,1222.15
O02243,C0223,2025-11-25,Beauty,West,1,2999,15,2549.15,1488.13,1061.02
O02244,C0343,2025-11-27,Fashion,North,2,1499,15,2548.3,1296.64,1251.66
O02245,C0757,2025-11-27,Electronics,West,4,4999,30,13997.2,8261.23,5735.97
O02246,C0530,2025-11-27,Beauty,East,5,4999,15,21245.75,12753.26,8492.49
O02247,C0446,2025-11-30,Fashion,West,2,999,30,1398.6,1093.36,305.24
O02248,C0284,2025-11-26,Electronics,South,5,499,30,1746.5,1185.46,561.04
O02249,C0583,2025-11-25,Books,South,5,1499,25,5621.25,4821.33,799.92
O02250,C0430,2025-11-30,Home,North,4,999,30,2797.2,1616.24,1180.96
O02251,C0494,2025-11-26,Beauty,West,3,4999,30,10497.9,7174.78,3323.12
O02252,C0198,2025-11-25,Electronics,West,1,1499,20,1199.2,874.88,324.32
O02253,C0219,2025-11-29,Home,West,5,999,10,4495.5,2988.23,1507.27
O02254,C0434,2025-11-29,Electronics,West,3,2999,10,8097.3,4984.92,3112.38
O02255,C0822,2025-11-24,Electronics,North,4,1499,10,5396.4,2612.0,2784.4
O02256,C0679,2025-11-28,Books,East,2,2999,30,4198.6,3035.21,1163.39
O02257,C0360,2025-11-24,Fashion,East,5,2999,10,13495.5,8878.73,4616.77
O02258,C0805,2025-11-27,Fashion,North,2,4999,10,8998.2,6185.23,2812.97
O02259,C0508,2025-11-30,Beauty,South,5,499,20,1996.0,1559.59,436.41
O02260,C0848,2025-11-29,Fashion,West,2,4999,25,7498.5,5583.13,1915.37
O02261,C0528,2025-11-29,Books,West,3,2999,15,7647.45,4001.38,3646.07
O02262,C0357,2025-11-25,Home,South,3,999,10,2697.3,1256.28,1441.02
O02263,C0027,2025-11-27,Home,West,5,2999,15,12745.75,9219.09,3526.66
O02264,C0667,2025-11-26,Home,East,5,999,10,4495.5,2385.71,2109.79
O02265,C0277,2025-11-26,Books,West,1,4999,30,3499.3,2469.02,1030.28
O02266,C0007,2025-11-28,Fashion,West,2,1499,15,2548.3,1613.57,934.73
O02267,C0235,2025-11-29,Beauty,East,4,499,20,1596.8,1023.18,573.62
O02268,C0113,2025-11-28,Fashion,East,1,2999,10,2699.1,1439.89,1259.21
O02269,C0092,2025-11-29,Books,West,1,499,10,449.1,316.58,132.52
O02270,C0593,2025-11-24,Home,East,4,999,10,3596.4,2074.79,1521.61
O02271,C0080,2025-11-28,Beauty,West,3,2999,25,6747.75,5738.43,1009.32
O02272,C0738,2025-11-26,Electronics,East,4,2999,10,10796.4,7703.32,3093.08
O02273,C0002,2025-11-25,Beauty,East,2,1499,10,2698.2,1775.34,922.86
O02274,C0473,2025-11-26,Beauty,West,3,2999,25,6747.75,5160.65,1587.1
O02275,C0603,2025-11-29,Beauty,West,3,2999,15,7647.45,5229.77,2417.68
O02276,C0444,2025-11-28,Home,North,3,499,10,1347.3,725.13,622.17
O02277,C0803,2025-11-26,Beauty,South,2,999,15,1698.3,826.43,871.87
O02278,C0885,2025-11-27,Electronics,West,1,1499,25,1124.25,838.12,286.13
O02279,C0856,2025-11-30,Electronics,East,3,999,25,2247.75,1363.43,884.32
O02280,C0001,2025-11-27,Books,North,2,1499,15,2548.3,1606.31,941.99
O02281,C0590,2025-11-30,Beauty,North,4,999,30,2797.2,1800.59,996.61
O02282,C0863,2025-11-24,Beauty,West,3,499,25,1122.75,640.55,482.2
O02283,C0444,2025-11-30,Beauty,North,1,2999,30,2099.3,1240.52,858.78
O02284,C0123,2025-11-27,Books,West,3,4999,10,13497.3,7008.08,6489.22
O02285,C0107,2025-11-28,Books,East,4,4999,25,14997.0,11371.39,3625.61
O02286,C0637,2025-11-27,Electronics,West,4,2999,10,10796.4,6500.98,4295.42
O02287,C0884,2025-11-25,Fashion,South,3,4999,25,11247.75,9100.92,2146.83
O02288,C0319,2025-11-29,Beauty,West,1,4999,25,3749.25,2675.78,1073.47
O02289,C0157,2025-11-26,Fashion,West,5,4999,30,17496.5,15661.39,1835.11
O02290,C0759,2025-11-27,Books,West,3,4999,25,11247.75,9696.35,1551.4
O02291,C0192,2025-11-29,Fashion,North,2,2999,20,4798.4,3779.63,1018.77
O02292,C0333,2025-11-26,Beauty,East,1,4999,25,3749.25,2080.59,1668.66
O02293,C0200,2025-11-30,Fashion,West,5,1499,10,6745.5,3214.72,3530.78
O02294,C0336,2025-11-27,Beauty,North,4,999,10,3596.4,1663.97,1932.43
O02295,C0548,2025-11-25,Home,West,3,499,30,1047.9,658.45,389.45
O02296,C0461,2025-11-24,Beauty,East,3,4999,10,13497.3,8400.99,5096.31
O02297,C0172,2025-11-29,Fashion,North,1,4999,20,3999.2,2837.07,1162.13
O02298,C0481,2025-11-28,Electronics,South,3,4999,25,11247.75,8393.39,2854.36
O02299,C0525,2025-11-29,Electronics,South,1,4999,10,4499.1,2455.23,2043.87
O02300,C0451,2025-11-28,Electronics,East,4,4999,10,17996.4,8130.04,9866.36
O02301,C0062,2025-11-30,Home,North,4,1499,20,4796.8,3295.44,1501.36
O02302,C0632,2025-11-26,Fashion,West,3,499,30,1047.9,883.45,164.45
O02303,C0721,2025-11-29,Electronics,South,5,4999,10,22495.5,16244.61,6250.89
O02304,C0639,2025-11-28,Beauty,North,4,4999,30,13997.2,8270.08,5727.12
O02305,C0853,2025-11-26,Home,North,4,4999,10,17996.4,12460.2,5536.2
O02306,C0489,2025-11-30,Beauty,South,4,2999,25,8997.0,5086.36,3910.64
O02307,C0420,2025-11-30,Beauty,North,5,1499,15,6370.75,4816.19,1554.56
O02308,C0762,2025-11-26,Books,South,5,499,20,1996.0,1459.81,536.19
O02309,C0492,2025-11-27,Books,East,3,499,20,1197.6,831.99,365.61
O02310,C0035,2025-11-25,Electronics,South,4,999,20,3196.8,2595.87,600.93
O02311,C0533,2025-11-30,Beauty,North,1,1499,10,1349.1,879.32,469.78
O02312,C0446,2025-11-25,Fashion,East,4,1499,30,4197.2,3235.42,961.78
O02313,C0661,2025-11-24,Books,East,5,1499,25,5621.25,3783.75,1837.5
O02314,C0186,2025-11-26,Electronics,North,5,1499,30,5246.5,4744.72,501.78
O02315,C0830,2025-11-27,Fashion,South,1,499,15,424.15,306.99,117.16
O02316,C0454,2025-11-30,Beauty,West,3,4999,15,12747.45,9685.48,3061.97
O02317,C0871,2025-11-29,Fashion,West,1,4999,20,3999.2,2721.02,1278.18
O02318,C0762,2025-11-26,Home,East,5,999,15,4245.75,2768.48,1477.27
O02319,C0187,2025-11-24,Fashion,North,2,1499,20,2398.4,1602.59,795.81
O02320,C0348,2025-11-27,Beauty,East,1,499,20,399.2,280.43,118.77
O02321,C0559,2025-11-30,Home,East,1,1499,10,1349.1,678.57,670.53
O02322,C0015,2025-11-28,Fashion,West,2,999,15,1698.3,1034.24,664.06
O02323,C0171,2025-11-30,Home,South,2,499,25,748.5,478.94,269.56
O02324,C0716,2025-11-25,Electronics,South,2,999,20,1598.4,916.45,681.95
O02325,C0443,2025-11-26,Beauty,South,5,1499,25,5621.25,4481.26,1139.99
O02326,C0229,2025-11-26,Electronics,North,5,499,25,1871.25,1121.05,750.2
O02327,C0738,2025-11-28,Electronics,East,4,1499,20,4796.8,3554.57,1242.23
O02328,C0043,2025-11-27,Books,South,5,999,30,3496.5,3112.28,384.22
O02329,C0356,2025-11-28,Beauty,South,5,2999,15,12745.75,7367.47,5378.28
O02330,C0439,2025-11-30,Fashion,East,5,999,25,3746.25,2027.09,1719.16
O02331,C0537,2025-11-24,Home,East,5,2999,15,12745.75,7424.51,5321.24
O02332,C0774,2025-11-25,Electronics,West,5,999,15,4245.75,2520.06,1725.69
O02333,C0379,2025-11-25,Fashion,West,4,1499,10,5396.4,2493.61,2902.79
O02334,C0850,2025-11-30,Home,West,1,999,20,799.2,591.15,208.05
O02335,C0558,2025-11-28,Beauty,South,4,1499,25,4497.0,3674.32,822.68
O02336,C0605,2025-11-28,Books,West,4,499,15,1696.6,1291.04,405.56
O02337,C0707,2025-11-30,Home,South,1,4999,10,4499.1,3076.54,1422.56
O02338,C0564,2025-11-29,Electronics,South,5,999,30,3496.5,3165.62,330.88
O02339,C0848,2025-11-26,Beauty,East,2,999,30,1398.6,994.18,404.42
O02340,C0296,2025-11-26,Electronics,South,2,2999,25,4498.5,2803.81,1694.69
O02341,C0157,2025-11-24,Books,South,3,2999,15,7647.45,5711.59,1935.86
O02342,C0820,2025-11-25,Books,West,3,2999,20,7197.6,5120.66,2076.94
O02343,C0077,2025-11-28,Beauty,North,1,999,30,699.3,413.81,285.49
O02344,C0208,2025-11-28,Books,East,4,4999,30,13997.2,11984.83,2012.37
O02345,C0674,2025-11-30,Books,South,3,499,10,1347.3,954.77,392.53
O02346,C0391,2025-11-25,Books,West,5,999,30,3496.5,2173.94,1322.56
O02347,C0383,2025-11-29,Beauty,North,1,1499,15,1274.15,781.26,492.89
O02348,C0650,2025-11-24,Home,West,1,999,25,749.25,562.17,187.08
O02349,C0324,2025-11-29,Electronics,West,5,1499,25,5621.25,4708.58,912.67
O02350,C0327,2025-11-25,Books,North,5,1499,10,6745.5,3260.65,3484.85
O02351,C0781,2025-11-24,Books,North,5,4999,30,17496.5,15846.71,1649.79
O02352,C0611,2025-11-29,Fashion,South,1,499,25,374.25,212.01,162.24
O02353,C0424,2025-11-28,Electronics,East,4,499,15,1696.6,1187.6,509.0
O02354,C0789,2025-11-26,Fashion,West,5,4999,20,19996.0,11629.37,8366.63
O02355,C0880,2025-11-30,Beauty,West,2,499,15,848.3,442.56,405.74
O02356,C0230,2025-11-30,Electronics,North,4,999,30,2797.2,2378.96,418.24
O02357,C0305,2025-11-29,Fashion,North,5,499,20,1996.0,1143.29,852.71
O02358,C0338,2025-11-30,Beauty,East,5,2999,30,10496.5,9628.9,867.6
O02359,C0778,2025-11-24,Electronics,West,2,499,30,698.6,429.52,269.08
O02360,C0731,2025-11-29,Fashion,North,3,2999,15,7647.45,4944.72,2702.73
O02361,C0709,2025-11-27,Home,West,1,999,25,749.25,488.71,260.54
O02362,C0218,2025-11-24,Fashion,North,1,999,10,899.1,432.35,466.75
O02363,C0770,2025-11-24,Home,South,4,4999,10,17996.4,10236.8,7759.6
O02364,C0539,2025-11-28,Books,North,2,999,25,1498.5,1226.78,271.72
O02365,C0171,2025-11-24,Beauty,South,1,4999,20,3999.2,2763.24,1235.96
O02366,C0134,2025-11-30,Beauty,South,1,1499,10,1349.1,742.4,606.7
O02367,C0106,2025-11-24,Books,East,4,499,30,1397.2,1241.61,155.59
O02368,C0846,2025-11-24,Beauty,South,2,499,10,898.2,403.84,494.36
O02369,C0653,2025-11-25,Fashion,South,3,499,15,1272.45,747.36,525.09
O02370,C0460,2025-11-24,Fashion,North,5,499,10,2245.5,1132.31,1113.19
O02371,C0320,2025-11-24,Electronics,East,5,4999,10,22495.5,15200.21,7295.29
O02372,C0722,2025-11-25,Beauty,North,4,4999,25,14997.0,8410.14,6586.86
O02373,C0161,2025-11-24,Home,East,4,2999,15,10196.6,7480.96,2715.64
O02374,C0754,2025-11-30,Fashion,East,1,4999,30,3499.3,2008.6,1490.7
O02375,C0115,2025-11-27,Fashion,West,2,999,15,1698.3,980.23,718.07
O02376,C0864,2025-11-30,Books,East,2,1499,10,2698.2,1225.93,1472.27
O02377,C0900,2025-11-26,Electronics,East,4,499,25,1497.0,920.28,576.72
O02378,C0031,2025-11-28,Beauty,West,1,999,15,849.15,563.82,285.33
O02379,C0847,2025-11-30,Fashion,East,2,499,30,698.6,607.51,91.09
O02380,C0863,2025-11-25,Home,West,1,2999,20,2399.2,1269.6,1129.6
O02381,C0052,2025-11-25,Beauty,South,4,1499,15,5096.6,2752.92,2343.68
O02382,C0227,2025-11-28,Electronics,East,5,1499,25,5621.25,3518.81,2102.44
O02383,C0566,2025-11-26,Electronics,West,5,499,10,2245.5,1015.26,1230.24
O02384,C0095,2025-11-29,Home,West,2,2999,25,4498.5,2939.89,1558.61
O02385,C0372,2025-11-24,Electronics,South,5,999,10,4495.5,2332.65,2162.85
O02386,C0370,2025-11-28,Home,West,5,1499,20,5996.0,4623.01,1372.99
O02387,C0109,2025-11-30,Books,North,3,999,10,2697.3,1271.99,1425.31
O02388,C0385,2025-11-26,Electronics,North,2,999,15,1698.3,800.29,898.01
O02389,C0499,2025-11-30,Home,North,4,499,30,1397.2,854.33,542.87
O02390,C0761,2025-11-28,Fashion,West,4,1499,10,5396.4,3776.19,1620.21
O02391,C0288,2025-11-27,Electronics,West,4,2999,20,9596.8,7204.84,2391.96
O02392,C0291,2025-11-25,Books,West,2,999,30,1398.6,1112.53,286.07
O02393,C0892,2025-11-29,Books,West,3,2999,30,6297.9,5577.6,720.3
O02394,C0264,2025-11-30,Books,West,2,499,15,848.3,620.82,227.48
O02395,C0690,2025-11-26,Fashion,East,1,499,15,424.15,247.44,176.71
O02396,C0299,2025-11-30,Fashion,West,4,2999,20,9596.8,5063.47,4533.33
O02397,C0346,2025-11-25,Electronics,East,1,4999,25,3749.25,3171.44,577.81
O02398,C0574,2025-11-24,Electronics,South,3,4999,20,11997.6,7330.27,4667.33
O02399,C0359,2025-11-26,Beauty,South,5,499,25,1871.25,1446.41,424.84
O02400,C0460,2025-11-29,Fashion,East,3,2999,20,7197.6,3902.97,3294.63
O02401,C0803,2025-11-28,Electronics,South,2,2999,10,5398.2,2456.21,2941.99
O02402,C0120,2025-11-26,Beauty,East,3,1499,10,4047.3,2523.92,1523.38
O02403,C0429,2025-11-24,Beauty,East,4,499,15,1696.6,1215.58,481.02
O02404,C0014,2025-11-25,Fashion,East,1,2999,10,2699.1,1787.67,911.43
O02405,C0208,2025-11-29,Electronics,South,2,1499,20,2398.4,1879.8,518.6
O02406,C0192,2025-11-28,Electronics,East,3,499,25,1122.75,756.46,366.29
O02407,C0696,2025-11-24,Electronics,West,3,499,25,1122.75,737.26,385.49
O02408,C0790,2025-11-28,Home,South,2,2999,30,4198.6,2453.44,1745.16
O02409,C0210,2025-11-25,Books,West,5,499,25,1871.25,1115.22,756.03
O02410,C0782,2025-11-28,Fashion,West,5,499,10,2245.5,1472.57,772.93
O02411,C0063,2025-11-30,Beauty,East,3,2999,10,8097.3,3906.09,4191.21
O02412,C0492,2025-11-27,Home,West,4,1499,25,4497.0,3652.64,844.36
O02413,C0049,2025-11-28,Home,East,5,1499,25,5621.25,3315.74,2305.51
O02414,C0849,2025-11-28,Books,South,1,499,20,399.2,230.51,168.69
O02415,C0593,2025-11-25,Books,West,3,2999,10,8097.3,5579.56,2517.74
O02416,C0644,2025-11-26,Electronics,East,1,499,15,424.15,264.59,159.56
O02417,C0342,2025-11-25,Electronics,South,2,4999,15,8498.3,4804.87,3693.43
O02418,C0578,2025-11-24,Books,North,2,4999,25,7498.5,4842.4,2656.1
O02419,C0191,2025-11-28,Fashion,North,5,4999,10,22495.5,14865.48,7630.02
O02420,C0501,2025-11-25,Electronics,South,3,999,10,2697.3,1926.14,771.16
O02421,C0297,2025-11-24,Electronics,West,1,999,30,699.3,624.69,74.61
O02422,C0713,2025-11-29,Electronics,North,4,2999,25,8997.0,6575.22,2421.78
O02423,C0104,2025-11-28,Beauty,North,1,1499,10,1349.1,916.11,432.99
O02424,C0778,2025-11-26,Home,East,5,1499,25,5621.25,3547.45,2073.8
O02425,C0120,2025-11-26,Fashion,West,1,2999,30,2099.3,1907.14,192.16
O02426,C0313,2025-11-25,Electronics,East,4,2999,15,10196.6,6454.76,3741.84
O02427,C0323,2025-11-28,Beauty,South,3,2999,25,6747.75,4553.86,2193.89
O02428,C0233,2025-11-25,Beauty,South,5,2999,15,12745.75,8760.31,3985.44
O02429,C0044,2025-11-25,Books,North,2,1499,15,2548.3,1565.73,982.57
O02430,C0784,2025-11-26,Electronics,East,5,499,20,1996.0,1253.16,742.84
O02431,C0460,2025-11-27,Books,South,1,999,20,799.2,447.35,351.85
O02432,C0831,2025-11-29,Books,North,2,4999,30,6998.6,5108.87,1889.73
O02433,C0643,2025-11-24,Books,North,4,499,20,1596.8,1202.76,394.04
O02434,C0191,2025-11-30,Fashion,West,4,499,15,1696.6,1138.07,558.53
O02435,C0221,2025-11-27,Fashion,North,2,2999,20,4798.4,3492.17,1306.23
O02436,C0270,2025-11-25,Home,North,1,999,10,899.1,530.85,368.25
O02437,C0825,2025-11-27,Books,South,2,1499,25,2248.5,1735.65,512.85
O02438,C0294,2025-11-27,Beauty,South,4,499,10,1796.4,852.62,943.78
O02439,C0552,2025-11-27,Fashion,East,1,2999,15,2549.15,1391.04,1158.11
O02440,C0332,2025-11-26,Beauty,East,3,499,20,1197.6,907.49,290.11
O02441,C0798,2025-11-27,Books,East,4,999,10,3596.4,2249.66,1346.74
O02442,C0485,2025-11-29,Electronics,North,5,999,25,3746.25,2500.53,1245.72
O02443,C0562,2025-11-25,Electronics,North,5,4999,30,17496.5,11676.0,5820.5
O02444,C0754,2025-11-24,Beauty,East,3,4999,20,11997.6,7775.65,4221.95
O02445,C0049,2025-11-29,Home,North,4,499,30,1397.2,1062.63,334.57
O02446,C0688,2025-11-25,Home,East,5,4999,10,22495.5,14691.16,7804.34
O02447,C0175,2025-11-27,Electronics,West,4,999,30,2797.2,2124.73,672.47
O02448,C0832,2025-11-28,Beauty,South,2,1499,25,2248.5,1224.67,1023.83
O02449,C0200,2025-11-29,Electronics,North,4,999,10,3596.4,1860.05,1736.35
O02450,C0604,2025-11-29,Fashion,North,2,2999,15,5098.3,3543.49,1554.81
O02451,C0004,2025-11-30,Books,South,3,1499,10,4047.3,2529.49,1517.81
O02452,C0412,2025-11-26,Beauty,West,3,4999,10,13497.3,8452.8,5044.5
O02453,C0203,2025-11-28,Beauty,North,3,4999,15,12747.45,8718.34,4029.11
O02454,C0716,2025-11-25,Beauty,North,2,999,25,1498.5,1123.36,375.14
O02455,C0213,2025-11-29,Books,South,5,499,20,1996.0,1213.42,782.58
O02456,C0180,2025-11-24,Fashion,West,3,4999,30,10497.9,6932.63,3565.27
O02457,C0245,2025-11-25,Books,East,4,499,25,1497.0,824.03,672.97
O02458,C0014,2025-11-25,Books,West,1,2999,30,2099.3,1540.79,558.51
O02459,C0424,2025-11-29,Home,North,3,4999,10,13497.3,7768.73,5728.57
O02460,C0091,2025-11-27,Beauty,North,1,1499,10,1349.1,692.61,656.49
O02461,C0455,2025-11-28,Fashion,East,2,4999,30,6998.6,5671.87,1326.73
O02462,C0159,2025-11-30,Fashion,West,5,999,10,4495.5,2968.4,1527.1
O02463,C0357,2025-11-25,Books,East,5,499,20,1996.0,1263.53,732.47
O02464,C0153,2025-11-25,Fashion,North,2,2999,30,4198.6,3173.82,1024.78
O02465,C0425,2025-11-24,Electronics,East,4,999,20,3196.8,2411.81,784.99
O02466,C0838,2025-11-29,Beauty,West,4,999,15,3396.6,2590.81,805.79
O02467,C0287,2025-11-27,Beauty,North,5,499,10,2245.5,1421.63,823.87
O02468,C0575,2025-11-24,Home,East,1,1499,10,1349.1,917.67,431.43
O02469,C0576,2025-11-25,Beauty,South,4,499,15,1696.6,816.94,879.66
O02470,C0338,2025-11-27,Fashion,South,3,4999,25,11247.75,7151.96,4095.79
O02471,C0072,2025-11-27,Fashion,South,4,4999,30,13997.2,10126.62,3870.58
O02472,C0426,2025-11-30,Fashion,East,4,2999,25,8997.0,4874.38,4122.62
O02473,C0881,2025-11-28,Electronics,West,1,999,25,749.25,538.79,210.46
O02474,C0423,2025-11-28,Books,East,3,2999,20,7197.6,3766.26,3431.34
O02475,C0250,2025-11-29,Fashion,West,2,2999,25,4498.5,3795.97,702.53
O02476,C0520,2025-11-26,Home,South,3,2999,10,8097.3,5637.06,2460.24
O02477,C0508,2025-11-28,Home,South,3,2999,25,6747.75,4682.17,2065.58
O02478,C0424,2025-11-24,Books,South,5,1499,20,5996.0,3944.43,2051.57
O02479,C0580,2025-11-25,Fashion,West,4,1499,20,4796.8,3209.85,1586.95
O02480,C0333,2025-11-24,Fashion,East,1,1499,15,1274.15,700.29,573.86
O02481,C0491,2025-11-30,Books,South,4,2999,10,10796.4,5264.46,5531.94
O02482,C0074,2025-11-27,Electronics,North,5,1499,30,5246.5,4038.66,1207.84
O02483,C0166,2025-11-28,Home,North,2,2999,25,4498.5,2711.58,1786.92
O02484,C0503,2025-11-26,Electronics,South,2,4999,10,8998.2,4759.1,4239.1
O02485,C0525,2025-11-29,Beauty,East,4,4999,30,13997.2,12686.53,1310.67
O02486,C0796,2025-11-30,Electronics,West,3,499,10,1347.3,794.91,552.39
O02487,C0810,2025-11-25,Electronics,South,1,2999,30,2099.3,1354.78,744.52
O02488,C0693,2025-11-27,Home,East,2,4999,20,7998.4,4079.88,3918.52
O02489,C0414,2025-11-26,Beauty,East,2,1499,10,2698.2,1248.64,1449.56
O02490,C0388,2025-11-25,Fashion,North,3,1499,25,3372.75,2137.51,1235.24
O02491,C0404,2025-11-24,Home,East,1,2999,10,2699.1,1787.57,911.53
O02492,C0782,2025-11-30,Home,North,4,999,30,2797.2,2314.76,482.44
O02493,C0030,2025-11-29,Beauty,West,1,4999,25,3749.25,2007.89,1741.36
O02494,C0199,2025-11-24,Beauty,West,1,2999,10,2699.1,1694.43,1004.67
O02495,C0711,2025-11-26,Beauty,West,4,499,15,1696.6,944.75,751.85
O02496,C0219,2025-11-25,Beauty,West,5,499,30,1746.5,1050.78,695.72
O02497,C0371,2025-11-26,Beauty,North,3,2999,20,7197.6,5503.82,1693.78
O02498,C0185,2025-11-27,Electronics,East,4,4999,15,16996.6,9339.74,7656.86
O02499,C0833,2025-11-29,Home,West,2,999,30,1398.6,1072.2,326.4
O02500,C0560,2025-11-29,Electronics,West,5,2999,25,11246.25,8719.35,2526.9
